,Media Source,Date,Tweets,Compound,Positive,Neutral,Negative,Tweets Ago
0,BBC,2018-10-05 19:04:05+00:00,"Follow some of the debt counsellors working for Christians Against Poverty.

The Debt Saviours | 9pm | @BBCTwo |‚Ä¶ https://t.co/t0c5uwl4jk",-0.8074,0.0,0.644,0.356,1
1,BBC,2018-10-05 18:08:03+00:00,üí™üêî Check out these miniature chicken bodybuilders. https://t.co/rfRrfZMVkM,0.0,0.0,1.0,0.0,2
2,BBC,2018-10-05 17:03:08+00:00,John Humphrys presents the first heat of the series as the hunt for the nation's Mastermind gets back underway.‚Ä¶ https://t.co/hQdf779Yeo,0.0,0.0,1.0,0.0,3
3,BBC,2018-10-05 16:05:04+00:00,FACT: Britons can only let go emotionally when a barmaid breaks some glasses... üòÇ #TheMashReport https://t.co/Hk2tqQv8WR,0.0,0.0,1.0,0.0,4
4,BBC,2018-10-05 15:32:37+00:00,"RT @1Xtra: .@RayBLK_'s #LiveLounge cover of 'A Natural Woman' for #BackHistoryMonth was just incredible.  

Full video üëâüèø https://t.co/6TNL‚Ä¶",0.3612,0.128,0.872,0.0,5
5,BBC,2018-10-05 14:06:12+00:00,"RT @BBCWales: üòÇ Best global marketing campaign ever? 

üÜï #FestivalofFunny comedy: #TouristTrap 
‚≠êÔ∏è @MikeBubbins, @MariBarf, @SallyEPhillips‚Ä¶",0.7717,0.358,0.642,0.0,6
6,BBC,2018-10-05 14:06:04+00:00,"RT @BBCWales: The new tourism head honcho for Wales gets hands on as she learns all about making love...spoons. üòÜ

üÜï Comedy: #TouristTrap‚Ä¶",0.3612,0.111,0.889,0.0,7
7,BBC,2018-10-05 13:55:03+00:00,"RT @BBCWales: üòÆWE JUST DROPPED ALL OF #TOURISTTRAP ON @BBCIPLAYER. 

‚ú®WATCH EVERY EPISODE HERE üëâ https://t.co/kOmZRWZt8D

üëçHAPPY FRIDAY! #F‚Ä¶",0.0,0.0,1.0,0.0,8
8,BBC,2018-10-05 13:02:07+00:00,"'I hid my baby from social services in case they took it away.'
üëâ https://t.co/GzIQQwypFT https://t.co/2m4sqlGogP",-0.1027,0.0,0.909,0.091,9
9,BBC,2018-10-05 12:33:00+00:00,"Raoul the turtle had a lucky escape after getting tangled in plastic waste. üê¢

#Mediterranean with @simon_reeve sta‚Ä¶ https://t.co/naQPqpDwpy",0.1779,0.211,0.657,0.131,10
10,BBC,2018-10-05 12:03:07+00:00,"üê¨ This woman taught a dolphin to speak English. 

üîà Sound up for this one‚Ä¶  https://t.co/wck12UVoRr",0.0,0.0,1.0,0.0,11
11,BBC,2018-10-05 11:03:05+00:00,"Why does everybody love moth memes?

It's the one-sided love story that we can all relate to...
üëâ‚Ä¶ https://t.co/55Oz8ULaX3",0.8555,0.331,0.669,0.0,12
12,BBC,2018-10-05 10:00:25+00:00,"RT @BBCTwo: We literally can't get enough of @donaldglover's amazing smile. üòÅüòÅ #Atlanta #WorldSmileDay
https://t.co/ovzKcY0pKg",0.743,0.326,0.674,0.0,13
13,BBC,2018-10-05 09:32:19+00:00,"The Nobel Peace Prize has been awarded to campaigners against rape in warfare Nadia Murad and Denis Mukwege. 
üëâ‚Ä¶ https://t.co/getpPN0hD9",0.3818,0.303,0.478,0.22,14
14,BBC,2018-10-05 09:27:55+00:00,RT @BBC_Teach: It‚Äôs #WorldTeachersDay üë©üè´ so to celebrate we're inviting you to upload a video of yourself singing &amp; dancing along to one of‚Ä¶,0.7414,0.23,0.77,0.0,15
15,BBC,2018-10-05 09:08:05+00:00,"The quest for extreme selfies killed 259 people between 2011 and 2017, a 2018 global study has revealed.
üëâ‚Ä¶ https://t.co/uojB5RWAf2",-0.6705,0.0,0.8,0.2,16
16,BBC,2018-10-05 08:00:11+00:00,üë©üèæ‚Äçüé®üé®üñº This artist on a mission to change how black women are illustrated with her beautiful designs. https://t.co/OiKhaT5joi,0.5994,0.196,0.804,0.0,17
17,BBC,2018-10-05 07:08:05+00:00,"From dream job to reality: How do career dreams really work out?
üëâ https://t.co/jXwJd5MzSu https://t.co/cf8HHuYtyi",0.5719,0.281,0.719,0.0,18
18,BBC,2018-10-05 06:11:03+00:00,"These urban corals are thriving against all odds in Miami.

#OurBluePlanet w/ @oceanx + @coralmorph https://t.co/zjeBH83ZM7",0.0,0.0,1.0,0.0,19
19,BBC,2018-10-04 20:06:04+00:00,"üé∂ @BTS_twt is the #KPop band taking over the world and smashing records everywhere. 

Who are they and how did they‚Ä¶ https://t.co/SSFjTKFAjU",0.0,0.0,1.0,0.0,20
20,BBC,2018-10-04 19:01:08+00:00,"Could the power of fake pills be used to treat some of our most common medical complaints? üíä

#Horizon The Placebo‚Ä¶ https://t.co/R3YMojVEYu",-0.5209,0.101,0.673,0.227,21
21,BBC,2018-10-04 18:01:09+00:00,"This is how homophobia feels in 2018. 
#NationalPoetryDay https://t.co/Dk2F3dDLPl",0.0,0.0,1.0,0.0,22
22,BBC,2018-10-04 17:11:06+00:00,"ü•ì Regularly eating foods like bacon and sausages may raise the risk of breast cancer, according to researchers.
üëâ‚Ä¶ https://t.co/drh72r7tDj",-0.6124,0.1,0.64,0.26,23
23,BBC,2018-10-04 16:03:07+00:00,"Maya Angelou: prolific, powerful, and a polymath. 
#BlackHistoryMonth https://t.co/99z0ppyKYK",0.4215,0.286,0.714,0.0,24
24,BBC,2018-10-04 15:29:47+00:00,"RT @BBCWales: Forget the lies and the myths about growing up on an estate. 

#NationalPoetryDay

https://t.co/HPKwfqx7bq",-0.4588,0.088,0.67,0.242,25
25,BBC,2018-10-04 14:01:23+00:00,"How did Shakespeare invent all those clich√©s? And how can he be stopped?! ü§î
#NationalPoetryDay  https://t.co/sCmnhZiv4G",0.0,0.0,1.0,0.0,26
26,BBC,2018-10-04 13:03:03+00:00,"üå°üåç What does 1.5C mean in a warming world?
üëâ https://t.co/XzjY5M8oNl https://t.co/kMLXVnvjxm",0.1531,0.151,0.849,0.0,27
27,BBC,2018-10-04 12:02:05+00:00,Are you feeling lonely? https://t.co/HxqBp6oh17,-0.25,0.214,0.429,0.357,28
28,BBC,2018-10-04 11:28:10+00:00,"RT @BBCEarth: This #WorldAnimalDay, we‚Äôre giving you an exclusive first look at David Attenborough‚Äôs new series.

#Dynasties - Coming soon‚Ä¶",0.4404,0.187,0.813,0.0,29
29,BBC,2018-10-04 11:13:01+00:00,"Ever heard a beatboxing starling? üîäüîä
#WorldAnimalDay https://t.co/N758EN4j3s",0.0,0.0,1.0,0.0,30
30,BBC,2018-10-04 10:45:47+00:00,"The pika might just be the world's cutest thief! 
#WorldAnimalDay https://t.co/v8dSKoVYgD",0.1759,0.248,0.546,0.206,31
31,BBC,2018-10-04 10:26:38+00:00,Could this squat be a moment that sparks change? https://t.co/GFXOeWufHl,0.0,0.0,1.0,0.0,32
32,BBC,2018-10-04 08:00:04+00:00,"üê¨ A dolphin with a prosthetic tail inspired Ellie‚Äôs Paralympic journey.

#OurBluePlanet w/ @oceanx https://t.co/WtUfOh4W2Z",0.4939,0.225,0.775,0.0,33
33,BBC,2018-10-04 07:03:02+00:00,"ü•ó Eating a Mediterranean diet may help prevent depression, research suggests.
üëâ https://t.co/FIpHPRQHqV https://t.co/tl4BbDsxUa",-0.2263,0.245,0.516,0.239,34
34,BBC,2018-10-04 06:03:01+00:00,"3 homeless people die every week in the UK.
Meanwhile in Finland...

(via @BBCThree) https://t.co/P4MYjbE4d1",-0.5994,0.0,0.769,0.231,35
35,BBC,2018-10-03 19:04:04+00:00,"The search for Lord Sugar's next business partner begins, and this year the challenges are bigger and better than e‚Ä¶ https://t.co/El1AyC5sXs",0.4939,0.181,0.819,0.0,36
36,BBC,2018-10-03 17:59:01+00:00,üéß‚ù§Ô∏è Dementia playlists are making such a big difference to these people.  https://t.co/ojVDVuP6to,0.0,0.0,1.0,0.0,37
37,BBC,2018-10-03 17:03:42+00:00,RT @BBCnireland: ‚úç @BBCApprentice is back tonight on @BBCOne so here are some tips to get you hired! - https://t.co/gc5KSIFQf1 https://t.co‚Ä¶,0.0,0.0,1.0,0.0,38
38,BBC,2018-10-03 16:55:01+00:00,‚ù§Ô∏è Couples will soon be able to choose a civil partnership instead of a marriage thanks to Rebecca and Charles. https://t.co/nampxOV5ur,0.4404,0.139,0.861,0.0,39
39,BBC,2018-10-03 15:58:03+00:00,üçú The humble origins of an incredibly versatile food ‚Äì the potted history of instant noodles. https://t.co/3RMBZ33zFY,0.0,0.0,1.0,0.0,40
40,BBC,2018-10-03 13:04:03+00:00,"üåô 'Leonardo da Vinci was the first recorded person to realise what a crescent moon was.'

Nine out of this world fa‚Ä¶ https://t.co/cpzfOniwxA",0.0,0.0,1.0,0.0,41
41,BBC,2018-10-03 11:57:04+00:00,"That time @RyanGosling was training to be an astronaut and DEFINITELY WASN'T (was) sick. 
#TheGNShow https://t.co/mf8dnizxAV",0.0343,0.166,0.675,0.159,42
42,BBC,2018-10-03 11:01:02+00:00,"üï∫üéô 'Tom Daley was an Elvis impersonator - with his dad'

10 surprising things we learned from @TomDaley1994‚Äôs‚Ä¶ https://t.co/NGQAEEJWdl",0.2732,0.11,0.89,0.0,43
43,BBC,2018-10-03 08:02:04+00:00,"19-year-old rapper Kitch has a stutter when he speaks - but when he performs, it usually disappears. https://t.co/tVXhIeAwEg",-0.5574,0.0,0.753,0.247,44
44,BBC,2018-10-03 08:01:24+00:00,"RT @BBCRadio2: ü•ÅDrumroll please!ü•Å

Our brand new Breakfast Show host is @ZoeTheBall! üëè

https://t.co/th597DBxQI https://t.co/dbfQgMsuHO",0.0,0.0,1.0,0.0,45
45,BBC,2018-10-03 07:04:08+00:00,"üêß A zoo has been forced to fill its new penguin exhibit with models, as a shortage of birds means it is unable to g‚Ä¶ https://t.co/BmSAy8zQJP",-0.6124,0.0,0.808,0.192,46
46,BBC,2018-10-03 06:08:02+00:00,"""Oh, I'm so sorry,"" and other things not to say to amputees. 
(via @BBCThree) https://t.co/L8eiOleNyi",0.0,0.0,1.0,0.0,47
47,BBC,2018-10-02 19:02:07+00:00,"Discover the extraordinary story of how a small Scottish bank grew to briefly become the biggest in the world, befo‚Ä¶ https://t.co/OQpgOJ7edi",0.0,0.0,1.0,0.0,48
48,BBC,2018-10-02 17:55:03+00:00,Knife crime is up 22%. Who are the victims and what‚Äôs to blame? https://t.co/ZEAml31p9m,-0.802,0.0,0.573,0.427,49
49,BBC,2018-10-02 17:06:06+00:00,"The gender reveal party that sparked a massive 47,000 acre wildfire. 
üëâ https://t.co/b0Xc17AuK5 https://t.co/ROh8TOMH7K",0.4019,0.197,0.803,0.0,50
50,BBC,2018-10-02 16:06:02+00:00,"In 2002, Iberian Lynx were the rarest cats in the world. But then something remarkable happened... https://t.co/iEVCaSDvjN",0.5574,0.184,0.816,0.0,51
51,BBC,2018-10-02 14:06:04+00:00,Two scientists who discovered how to fight cancer using the body's immune system have won the 2018 #NobelPrize for‚Ä¶ https://t.co/fIj6Ly7Z3u,-0.2732,0.204,0.554,0.242,52
52,BBC,2018-10-02 13:05:03+00:00,"üç≤üòã A bowl of warm, hearty stew is always a welcome sight on a cold day.

From a classic beef stew to a vegetarian h‚Ä¶ https://t.co/1X1qdk14Oh",0.5994,0.205,0.795,0.0,53
53,BBC,2018-10-02 12:05:04+00:00,"Jodie Whittaker. New Doctor...and a 'Shat Lass'.
#TheGNShow #DoctorWho https://t.co/25HwEbjAfn",0.0,0.0,1.0,0.0,54
54,BBC,2018-10-02 10:47:27+00:00,"Donna Strickland has become the first woman to have won the #NobelPrize in Physics in 55 years. 
üëâ‚Ä¶ https://t.co/hGIojnR1W0",0.5719,0.171,0.829,0.0,55
55,BBC,2018-10-02 10:27:17+00:00,"RT @BBCSport: SPOTY is back - and there are some big changes.

The BBC Sports Personality of the Year 2018 contenders will be revealed on t‚Ä¶",0.0,0.0,1.0,0.0,56
56,BBC,2018-10-02 10:16:58+00:00,"‚ù§Ô∏èüíÉüèª Ballet is still the love of Joyce's life at 98-years-old! 
#WorldBalletDay https://t.co/nzr3Jy1wbS",0.6696,0.272,0.728,0.0,57
57,BBC,2018-10-02 09:22:00+00:00,"Over 300,000 marine animals are killed after becoming entangled in fishing gear every year. 
#DrowningInPlastic‚Ä¶ https://t.co/WmFqGMo8Es",-0.6705,0.0,0.769,0.231,58
58,BBC,2018-10-02 09:10:44+00:00,RT @bbccomedy: ‚ÄòThere She Goes‚Äô starring @JefficaHoons and David Tennant comes to @BBCFOUR on October 16th. https://t.co/tH37Wg5TBC,0.0,0.0,1.0,0.0,59
59,BBC,2018-10-02 08:00:09+00:00,"In January 1918, the Spanish flu swept the world and killed more people than WW1. 
#TheFluThatKilled50Million https://t.co/WinYKnWfSA",-0.7964,0.0,0.679,0.321,60
60,BBC,2018-10-02 07:05:06+00:00,"üëõ Do you know where your tips go? 

A guide to how tipping works in restaurants.
üëâ https://t.co/CNU4t3iogG https://t.co/7dcsckQwcG",0.0,0.0,1.0,0.0,61
61,BBC,2018-10-02 06:09:05+00:00,"More than half of the world's killer whales could be wiped out by man-made chemicals, scientists say.  https://t.co/w1SaxVchyO",-0.6486,0.0,0.798,0.202,62
62,BBC,2018-10-01 19:00:01+00:00,Wildlife biologist @LizBonnin visits scientists working at the cutting edge of plastics research. She works with le‚Ä¶ https://t.co/rSc4ZR9MEX,-0.128,0.0,0.919,0.081,63
63,BBC,2018-10-01 17:16:04+00:00,"A 19-year-old university student has described his photograph of a white fallow buck sneezing as a ""one-in-a-millio‚Ä¶ https://t.co/A1q3ZEIz2z",0.0,0.0,1.0,0.0,64
64,BBC,2018-10-01 16:05:44+00:00,"RT @BBCFood: ü•ï It's World Vegetarian Day and we're celebrating all things veggie. Whether you're looking for a quick lunch, a healthy trayb‚Ä¶",0.7506,0.262,0.738,0.0,65
65,BBC,2018-10-01 15:48:02+00:00,"RT @CBeebiesHQ: Cuddle up cheek to cheek!

Sharon D. Clarke is back for tonight's #BedtimeStory üò¥üìö

The biographical tale of Ella Fitzgeral‚Ä¶",0.0,0.0,1.0,0.0,66
66,BBC,2018-10-01 15:00:02+00:00,These scientists have found plastic in every area of the Arctic; there are about 225 trillion particles in the whol‚Ä¶ https://t.co/UoKtCXow1b,0.0,0.0,1.0,0.0,67
67,BBC,2018-10-01 14:01:07+00:00,"An Astrophysicist? A World Traveller? CEO of the British Library? üî≠üìöü§∑

Illustrator Sir Quentin Blake has reimagined‚Ä¶ https://t.co/PqXhCcoHH9",0.0,0.0,1.0,0.0,68
68,BBC,2018-10-01 13:04:26+00:00,"RT @bbcgetinspired: 'I'm a Muslim woman, I'm visually-impaired and I'm a boxer' ü•äü•ä #GetInspired 

https://t.co/zJorjZokVM",0.0,0.0,1.0,0.0,69
69,BBC,2018-10-01 13:03:06+00:00,"üé∂üåü@LadyGaga and Jodie Whittaker playing the #DoctorWho theme tune on the theremin is AMAZING. #TheGNShow

https://t.co/PEwaE9tzNH",0.7456,0.311,0.689,0.0,70
70,BBC,2018-10-01 12:33:03+00:00,"üòÇüòÉüòê Can you spot a fake laugh? 

Take this quiz to find out. üëâ https://t.co/LAFjV5ggf7 https://t.co/sFjlLRwzQK",0.128,0.193,0.642,0.166,71
71,BBC,2018-10-01 12:08:21+00:00,"Geoffrey Hayes, who hosted long-running children's TV show, Rainbow, has died aged 76.
üëâ https://t.co/10XDMpYCiz https://t.co/vPs5odJKqy",-0.5574,0.0,0.795,0.205,72
72,BBC,2018-10-01 11:03:02+00:00,"This Amazing Human uses coffee to give homeless people a second chance. ‚òïÔ∏èüíõ#InternationalCoffeeDay

https://t.co/wOc1ce2B3J",0.7003,0.345,0.655,0.0,73
73,BBC,2018-10-01 10:03:06+00:00,"Turns out it's *quite* difficult to keep a straight face while testing laughing gas...

https://t.co/nFlgKY7NuY",0.3818,0.274,0.591,0.134,74
74,BBC,2018-10-01 09:46:54+00:00,RT @BBCRadio4: We conducted the world's largest survey on loneliness and discovered that 16-24 year olds are the loneliest age group. Read‚Ä¶,-0.7351,0.0,0.763,0.237,75
75,BBC,2018-10-01 09:04:02+00:00,"We cannot WAIT for the new Doctor Who series! @bbcdoctorwho #TheGNShow

https://t.co/BkxpymO5Be",0.0,0.0,1.0,0.0,76
76,BBC,2018-10-01 08:02:02+00:00,"Start your Monday the right way. Watch Tom Hardy explain to a child why we should love all things equally. üíîüò≠

https://t.co/646n5wwjvL",0.7845,0.266,0.734,0.0,77
77,BBC,2018-10-01 07:32:01+00:00,Persistent chemical pollution threatens the future of killer whales. üíî https://t.co/wJJIQj8WLK https://t.co/saSP4leLjt,-0.7845,0.0,0.566,0.434,78
78,BBC,2018-10-01 07:03:05+00:00,"Last year @higeorgeshelley's sister died in an accident. 

He opens up about grief and how to cope.

https://t.co/4SajjiJI6e",-0.872,0.0,0.602,0.398,79
79,BBC,2018-09-30 20:21:03+00:00,"RT @BBCOne: ‚ÄúI see women out with their babies walking around like it‚Äôs nothing‚Ä¶ I just want to yell out at them, ‚ÄúYou‚Äôre amazing!‚Äù @Jenna_‚Ä¶",0.4753,0.157,0.843,0.0,80
80,BBC,2018-09-30 19:39:53+00:00,RT @bbcstrictly: Wow. #Strictly Movie Week looks wand-erful! üßô‚Äç‚ôÇÔ∏è‚ú® https://t.co/3Iko29h06s,0.6239,0.313,0.687,0.0,81
81,BBC,2018-09-30 19:03:02+00:00,"A mother‚Äôs life disintegrates while the world looks on. 

#TheCry | 9pm | @BBCOne | https://t.co/hDRdVsMamq https://t.co/2SrLnoKGLi",0.0,0.0,1.0,0.0,82
82,BBC,2018-09-30 17:16:03+00:00,Tonight it's the first @BBCStrictly results show! Find out which couples have made it through and which two will be‚Ä¶ https://t.co/vytPpS8tTl,0.0,0.0,1.0,0.0,83
83,BBC,2018-09-30 16:22:42+00:00,"RT @BBCOne: #TheCry ""is the perfect replacement for #Bodyguard, a twisting, turning whodunit that leaves you questioning everybody."" The Te‚Ä¶",0.5106,0.167,0.769,0.063,84
84,BBC,2018-09-30 16:22:25+00:00,"RT @BBCOne: To mark 30 years in music, we‚Äôre making a @takethat documentary special and WE NEED YOU! 

Head to https://t.co/WiKSYB8coP to s‚Ä¶",0.4574,0.125,0.875,0.0,85
85,BBC,2018-09-30 16:01:09+00:00,"üï∫‚ú® @Joe_Sugg says he worried that he was the 'joke act' in this year's #Strictly. 

https://t.co/FmKBnEJeoX https://t.co/O1GfHHBJud",0.0,0.113,0.773,0.113,86
86,BBC,2018-09-30 15:03:03+00:00,"This is the incredible story of how London dug the Victoria Line! üöá

https://t.co/F8MsetBclS",0.0,0.0,1.0,0.0,87
87,BBC,2018-09-30 14:02:04+00:00,"In Japan, 'aki no koe' refers to autumn's voice, which incorporates all the sounds of the season: the wind rustling‚Ä¶ https://t.co/2fynWfK1Wu",-0.296,0.0,0.901,0.099,88
88,BBC,2018-09-30 13:06:04+00:00,"""Dyslexia tries to kick my butt daily - but I won't let it beat me"". 

https://t.co/EmtRJC2V5G",0.0,0.0,1.0,0.0,89
89,BBC,2018-09-30 12:44:04+00:00,Kanye West is changing his name... to Ye. https://t.co/TMRrrzJuKX https://t.co/0ZkgnEbFkA,0.0,0.0,1.0,0.0,90
90,BBC,2018-09-30 12:31:04+00:00,The lush green mosses of East Antarctica are finally succumbing to climate change. üíî https://t.co/z7j8jcx6TO https://t.co/r7C9gypVhC,0.0,0.0,1.0,0.0,91
91,BBC,2018-09-30 11:02:01+00:00,"Going on a night out can be challenging when you're a wheelchair user. 

https://t.co/YvvQ1SnosW",0.1531,0.127,0.873,0.0,92
92,BBC,2018-09-30 10:00:00+00:00,"This is disgusting. üòî

The Citarum River in Indonesia is one of the dirtiest rivers in the world. 

Plastic polluti‚Ä¶ https://t.co/F6z2NpXseT",-0.7783,0.0,0.726,0.274,93
93,BBC,2018-09-30 09:04:02+00:00,"üêª Say hello to Kyra the sun bear... 

https://t.co/UvDxsG3QO1",0.0,0.0,1.0,0.0,94
94,BBC,2018-09-30 08:30:16+00:00,RT @BBCWorld: Indonesia quake death toll 'at least 832' https://t.co/1VCcXxRrR4,-0.5994,0.0,0.698,0.302,95
95,BBC,2018-09-30 07:31:05+00:00,"For children with autism, the stress of taking photos can be overwhelming. To make things easier, eight-year-old Le‚Ä¶ https://t.co/U3hpweRK0D",0.0,0.124,0.752,0.124,96
96,BBC,2018-09-30 07:04:02+00:00,"This. Is. Amazing. üòÆ

Introducing the World Pole Climbing Championships...

https://t.co/osulkhFFhQ",0.5859,0.297,0.703,0.0,97
97,BBC,2018-09-29 20:32:03+00:00,Chile has launched a huge hiking route through its Patagonian wilderness. üå≤üòçüèî  https://t.co/WFIcKZe5Hv https://t.co/RLKjTx2Emo,0.4215,0.257,0.743,0.0,98
98,BBC,2018-09-29 17:02:12+00:00,üê£üòç Conservationists have been monitoring the progress of rare Leach's storm petrel chicks on the remote Scottish ar‚Ä¶ https://t.co/KzMHUIysAO,0.4215,0.135,0.865,0.0,99
99,BBC,2018-09-29 16:01:07+00:00,"'My children bought back the car I sold to pay for wife's cancer treatment'. ‚ù§Ô∏èÔ∏èüöò

https://t.co/xOJwzbgGlE https://t.co/Tx3WYCkCXu",-0.7003,0.0,0.707,0.293,100
100,CBS,2018-10-05 23:30:00+00:00,"Viewers in Atlanta, Charlotte, Pittsburgh, and most of Michigan and Wisconsin, please take note of the DVR alert be‚Ä¶ https://t.co/fradnBOvdk",0.5423,0.2,0.8,0.0,1
101,CBS,2018-10-05 20:10:09+00:00,"RT @MadamSecretary: Worlds collide when former Secretaries of State @HillaryClinton, @madeleine, and Colin Powell stop by #MadamSecretary f‚Ä¶",-0.3612,0.0,0.821,0.179,2
102,CBS,2018-10-05 19:23:53+00:00,".@TheNeighborhood's @BethBehrs and @latelateshow may have come up with a new hit show called ""Naked Rabbi.""‚Ä¶ https://t.co/KLsSlzgC0f",0.0,0.0,1.0,0.0,3
103,CBS,2018-10-05 17:42:12+00:00,"RT @FBICBS: When a killer's victim survives to tell the tale, it's up to the team to catch him before he kills again. 

The first SEVEN MIN‚Ä¶",-0.6808,0.0,0.811,0.189,4
104,CBS,2018-10-05 16:45:23+00:00,But you know the CBS Fall TV that makes YOU smile. #WorldSmileDay https://t.co/JVOh5TlK0D,0.3612,0.172,0.828,0.0,5
105,CBS,2018-10-05 16:45:22+00:00,Not everyone smiles at the same shows #WorldSmileDay https://t.co/XFwNIFleXf,0.4767,0.279,0.721,0.0,6
106,CBS,2018-10-05 16:45:22+00:00,"And smile at shows that, you know, get you. #WorldSmileDay https://t.co/9JpmKkB7Ky",0.3612,0.2,0.8,0.0,7
107,CBS,2018-10-05 16:45:21+00:00,Smile at shows you‚Äôve been meaning to smile at before #WorldSmileDay https://t.co/MWrtrX62BP,0.6124,0.333,0.667,0.0,8
108,CBS,2018-10-05 16:45:21+00:00,Get right back into smiling with your favorites #WorldSmileDay https://t.co/BohCiTymMO,0.7003,0.42,0.58,0.0,9
109,CBS,2018-10-05 16:45:19+00:00,Time to smile at new shows #WorldSmileDay https://t.co/n45SpVXuOq,0.3612,0.263,0.737,0.0,10
110,CBS,2018-10-05 16:45:19+00:00,Smile! CBS Fall TV is here. #WorldSmileDay https://t.co/QhmtAmJL0X,0.4199,0.285,0.715,0.0,11
111,CBS,2018-10-04 17:17:46+00:00,"The Big Bang Theory.
Young Sheldon, Mom, Murphy Brown.
S.W.A.T. Watch them tonight.

#NationalPoetryDay",0.0,0.0,1.0,0.0,12
112,CBS,2018-10-04 00:34:37+00:00,@shygirlsue @Ranker And we couldn't be prouder of you.üòä https://t.co/Rt9bRkv32J,-0.3875,0.0,0.774,0.226,13
113,CBS,2018-10-03 23:45:21+00:00,@suferah_khan https://t.co/hkLN6VK6WI,0.0,0.0,1.0,0.0,14
114,CBS,2018-10-03 23:39:03+00:00,.@Ranker is ranking the best CBS shows of all time. Did your favorites make the list? https://t.co/D3ZrfZK0Q9,0.7906,0.318,0.682,0.0,15
115,CBS,2018-10-03 19:35:31+00:00,".@CrimMinds_CBS returns tonight for its 300th episode. In honor of the milestone season premiere, the cast has a me‚Ä¶ https://t.co/o9aKkBKKtw",0.4939,0.151,0.849,0.0,16
116,CBS,2018-10-03 17:05:20+00:00,".@wayansjr debuted his perfect impression of his father on @colbertlateshow but everybody, be cool, and don't tell‚Ä¶ https://t.co/MWa9UNOORj",0.6956,0.31,0.69,0.0,17
117,CBS,2018-10-02 21:25:29+00:00,RT @CBSAllAccess: It's a great day to be a fan of #TheTwilightZone! We're celebrating the 59th anniversary of the classic series AND the of‚Ä¶,0.8858,0.354,0.646,0.0,18
118,CBS,2018-10-02 18:36:26+00:00,"‚ö°Ô∏è ‚ÄúHappy Together Premieres on CBS‚Äù

https://t.co/W7IvELcMcw",0.0,0.0,1.0,0.0,19
119,CBS,2018-10-02 17:52:53+00:00,"@miamicah We don't know for sure about that, but we are sure that you should be some sort of TV detective. üôÇ https://t.co/uW5aSn7jlO",-0.4449,0.0,0.836,0.164,20
120,CBS,2018-10-02 16:49:34+00:00,"‚ö°Ô∏è ‚ÄúThe Neighborhood Premieres on CBS‚Äù

https://t.co/R72l342BFE",0.0,0.0,1.0,0.0,21
121,CBS,2018-10-02 02:42:23+00:00,"RT @startrekcbs: Discover the next adventure of #StarTrekDiscovery January 2019, and catch #Starfleet at @NY_Comic_Con THIS Saturday. https‚Ä¶",0.3182,0.119,0.881,0.0,22
122,CBS,2018-10-02 01:10:54+00:00,The stars of @TheNeighborhood and @happytogether celebrated their shows' premieres on CBS tonight with a good old f‚Ä¶ https://t.co/fu9SJzv7hZ,0.765,0.292,0.708,0.0,23
123,CBS,2018-10-02 00:01:07+00:00,"RT @TheNeighborhood: It's almost time! Our live Q&amp;A with the casts of #TheNeighborhood &amp; #HappyTogether is starting at 8pm ET/ 5pm PT. 

Se‚Ä¶",0.0,0.0,1.0,0.0,24
124,CBS,2018-10-01 21:56:03+00:00,Head over to the CBS Facebook page now for the #FacebookLive with @happytogether‚Äôs @wayansjr and @TheNeighborhood‚Äôs‚Ä¶ https://t.co/37QOrVA1sh,0.0,0.0,1.0,0.0,25
125,CBS,2018-10-01 16:33:11+00:00,Join @happytogether's @wayansjr and @TheNeighborhood's @iamgreenfield for a Facebook Live TODAY at 5:45p ET/2:45 PT‚Ä¶ https://t.co/klrx7cA41H,0.296,0.136,0.864,0.0,26
126,CBS,2018-09-30 23:51:26+00:00,"Due to #NFL football game overrun, #CBS Sunday lineup is delayed in East/Central time zones ONLY. New start times:‚Ä¶ https://t.co/zmEn7CVlUi",-0.2263,0.0,0.909,0.091,27
127,CBS,2018-09-30 17:00:00+00:00,The cast of @GodFriendedMe answers some heavenly questions about social media before the show premieres tonight aft‚Ä¶ https://t.co/61Tx2GTn35,0.6124,0.19,0.81,0.0,28
128,CBS,2018-09-30 14:34:18+00:00,RT @CBSAllAccess: Stream NFL on CBS LIVE today starting at 1pm ET on CBS All Access! üèà https://t.co/vsod8jYeZl https://t.co/UBp3R4UCAd,0.0,0.0,1.0,0.0,29
129,CBS,2018-09-28 22:22:01+00:00,"On @colbertlateshow, @TheNeighborhood's @CedEntertainer and Stephen recall the first time they met on a night when‚Ä¶ https://t.co/vjz1zVg4sR",0.0,0.0,1.0,0.0,30
130,CBS,2018-09-28 20:16:14+00:00,".@happytogether's @wayansjr, @HereIsGina &amp; @latelateshow discuss the pros and cons of living with a pop star. Con:‚Ä¶ https://t.co/PLXFxfheW7",0.0,0.0,1.0,0.0,31
131,CBS,2018-09-28 17:52:41+00:00,"If you haven't seen @SEALTeamCBS, make it your mission to know them before the #SEALTeam Season 2 premiere October‚Ä¶ https://t.co/NhCPI3lZSV",0.0,0.0,1.0,0.0,32
132,CBS,2018-09-28 16:51:50+00:00,"‚ö°Ô∏è ‚ÄúMurphy Brown Returns to CBS‚Äù

https://t.co/3vsAg7WcB1",0.0,0.0,1.0,0.0,33
133,CBS,2018-09-27 20:19:18+00:00,.@TheNeighborhood's @iamgreenfield revealing his Fiddler on the Roof goals on @latelateshow will be the earworm you‚Ä¶ https://t.co/swbh8HPwA1,0.0,0.0,1.0,0.0,34
134,CBS,2018-09-27 20:01:53+00:00,RT @MurphyBrownCBS: A moment 20 years in the making all comes down to this. #MurphyBrown returns to @CBS tonight! https://t.co/tWSMFM3YbG,0.0,0.0,1.0,0.0,35
135,CBS,2018-09-27 17:19:16+00:00,"Candice Bergen tells @colbertlateshow the presidential way tonight's @MurphyBrownCBS premiere imitates life, albeit‚Ä¶ https://t.co/4Kbk8gt6nS",0.0,0.0,1.0,0.0,36
136,CBS,2018-09-27 16:58:08+00:00,@marlagardner222 @jay_hernandez Good idea. The theme song is a dead giveaway. üòâ,-0.34,0.191,0.526,0.283,37
137,CBS,2018-09-27 00:44:13+00:00,@queenmama7777 @CBSAllAccess We believe in you! https://t.co/ZK0xaPRxVr,0.0,0.0,1.0,0.0,38
138,CBS,2018-09-27 00:42:15+00:00,@BSkyjackcity @jokersupdates @CBSAllAccess On it. https://t.co/yxKX9ry7fw,0.0,0.0,1.0,0.0,39
139,CBS,2018-09-26 21:49:27+00:00,Sixteen houseguests entered and now it's down to the Final 3. Don't miss a second of the 90-minute #BB20Finale toni‚Ä¶ https://t.co/KwDHR9Hfqu,0.1139,0.071,0.929,0.0,40
140,CBS,2018-09-26 19:57:54+00:00,"The tribe has spoken, and they do a pretty decent @JeffProbst impression just in time for the @survivorcbs Season P‚Ä¶ https://t.co/2Ps8VKblay",0.6249,0.221,0.779,0.0,41
141,CBS,2018-09-26 17:25:43+00:00,"‚ö°Ô∏è ‚ÄúFBI Premieres on CBS‚Äù

https://t.co/faL6iHZc5g",0.0,0.0,1.0,0.0,42
142,CBS,2018-09-25 21:10:56+00:00,"RT @CBSAllAccess: A night of crime dramas?! Oh yes. üôå Stream @NCIS_CBS, @FBICBS &amp; @NCISNewOrleans starting at 8/7c on CBS All Access: https‚Ä¶",-0.2714,0.106,0.745,0.149,43
143,CBS,2018-09-25 20:31:45+00:00,"Before @FBICBS premieres tonight, @mperegrym stopped by @CBSThisMorning to talk about her role as an FBI agent in t‚Ä¶ https://t.co/CPVki4Hv8y",-0.2263,0.0,0.909,0.091,44
144,CBS,2018-09-25 19:54:26+00:00,RT @CBSAllAccess: üö® @PatrickBrammall. Tim Meadows. @jessicaalba. @iamgreenfield. @AHWAmySedaris. @ChrisGethard. @JoeManganiello. AND SO MAN‚Ä¶,0.0,0.0,1.0,0.0,45
145,CBS,2018-09-25 19:45:33+00:00,RT @bigbangtheory: Happy #NationalComicBookDay from Sheldon and his many shirts! How are you sporting your favorite superhero today? #BigBa‚Ä¶,0.7901,0.291,0.709,0.0,46
146,CBS,2018-09-25 18:34:26+00:00,"‚ö°Ô∏è ‚ÄúMagnum P.I. Premieres on CBS‚Äù

https://t.co/UtbQlcDG8S",0.0,0.0,1.0,0.0,47
147,CBS,2018-09-25 18:05:31+00:00,".@jay_hernandez went on @latelateshow to talk about @MagnumPICBS, but he may have gotten @TiffanyHaddish as a surf‚Ä¶ https://t.co/a3acRu10aw",0.0,0.0,1.0,0.0,48
148,CBS,2018-09-24 18:56:15+00:00,"RT @60Minutes: 60 Minutes turns 50 today. Tick, tick, tick ... https://t.co/3CVKEs9J7F",0.0,0.0,1.0,0.0,49
149,CBS,2018-09-23 23:24:03+00:00,"Due to #NFL football game overrun, #CBS Sunday lineup is delayed in ATL, Indy, NOLA, Kansas City, NYC, Philly, Prov‚Ä¶ https://t.co/fejqoxtvSY",-0.2263,0.0,0.913,0.087,50
150,CBS,2018-09-23 14:00:00+00:00,Kick off your Sunday with @NFL on CBS. Catch your local games live on CBS and @CBSAllAccess. üèàüì∫‚Ä¶ https://t.co/kbo7N27mY9,0.0,0.0,1.0,0.0,51
151,CBS,2018-09-21 19:18:00+00:00,"How does $100,000 sound? Because someone is going to win all that tonight on the @TKOCBS Battle Royale finale at 9p‚Ä¶ https://t.co/JEuUZ2QlQh",0.296,0.144,0.758,0.098,52
152,CBS,2018-09-21 17:46:26+00:00,@colbertlateshow @IainLoveTheatre @IainLoveTheatre made a compelling argument. We'll get back to you. üòâ,-0.1531,0.142,0.672,0.187,53
153,CBS,2018-09-20 23:17:19+00:00,"Now that @bigbangtheory is entering its last season, Kaley Cuoco admits to @latelateshow she's over the show's noto‚Ä¶ https://t.co/xvhlMWBhSX",0.296,0.109,0.891,0.0,54
154,CBS,2018-09-20 21:38:21+00:00,RT @HawaiiFive0CBS: It‚Äôs the big Five-0! üéâ üåä #H50 premiered on this day in 1968! Celebrate 50 years of Hawaii Five-0 with every season of b‚Ä¶,0.6467,0.157,0.843,0.0,55
155,CBS,2018-09-20 16:47:26+00:00,RT @JordanPeele: üì∫üåÄ https://t.co/CygbVi4JFC,0.0,0.0,1.0,0.0,56
156,CBS,2018-09-19 19:07:37+00:00,The @latelateshow and @JKCorden will never be good enough for @henrygolding's crazy rich mom.‚Ä¶ https://t.co/xVmH5Iyfvs,-0.0531,0.176,0.588,0.236,57
157,CBS,2018-09-18 17:04:20+00:00,RT @CBSThisMorning: Imagine receiving a digital friend request from someone claiming to be God. What would you do? The new @CBS drama @GodF‚Ä¶,0.6486,0.209,0.791,0.0,58
158,CBS,2018-09-17 22:01:52+00:00,"RT @PriceIsRight: We're thrilled to be back with all new, fun, and exciting shows!!  We hope to give you another award winning season! HERE‚Ä¶",0.9642,0.527,0.473,0.0,59
159,CBS,2018-09-17 21:41:20+00:00,RT @SalvationCBS: X marks the spot on the heart-stopping season finale of #SalvationCBS tonight at 9/8c on CBS &amp; CBS All Access: https://t.‚Ä¶,0.0,0.0,1.0,0.0,60
160,CBS,2018-09-17 19:18:37+00:00,Waiting for tonight's @Elementary_CBS season finale like https://t.co/Ou8342vGT9,0.3612,0.263,0.737,0.0,61
161,CBS,2018-09-16 23:48:59+00:00,"Due to an NFL overrun, the CBS Sunday lineup is delayed in the East/Central cities ONLY. New start times:‚Ä¶ https://t.co/IypoJ0l16P",-0.2263,0.0,0.909,0.091,62
162,CBS,2018-09-16 14:33:46+00:00,RT @CBSAllAccess: Sundays were made for NFL on CBS. üèàüíØ Stream NFL on CBS All Access live today: https://t.co/vsod8jGE7N https://t.co/co2528‚Ä¶,0.0,0.0,1.0,0.0,63
163,CBS,2018-09-15 16:00:01+00:00,"What happens when a PTA mom steals nearly $100,000 from her daughter's school? Don't miss the #PinkCollarCrimes sea‚Ä¶ https://t.co/Gjiy0pByaE",-0.4322,0.07,0.771,0.159,64
164,CBS,2018-09-14 18:22:59+00:00,"RT @CBSAllAccess: No internet, no problem. You can now download and play your favorite shows on CBS All Access! üôå Learn how: https://t.co/y‚Ä¶",-0.2481,0.181,0.571,0.248,65
165,CBS,2018-09-13 20:52:06+00:00,@PlaggemeyLee Mac's putting something together. üòâ https://t.co/6ww5HlV6Bx,0.0,0.0,1.0,0.0,66
166,CBS,2018-09-13 20:28:06+00:00,This just in... https://t.co/QG3OYF6Rfv,0.0,0.0,1.0,0.0,67
167,CBS,2018-09-13 18:06:49+00:00,RT @CBSAllAccess: Get excited! Stream original #MurphyBrown episodes for a limited time on CBS All Access before the @MurphyBrownCBS reviva‚Ä¶,0.4753,0.218,0.699,0.083,68
168,CBS,2018-09-10 17:06:16+00:00,"This just in! The 54th #ACMawards will air LIVE from Las Vegas on Sunday, April 7, 2019 at 8/7c on CBS and‚Ä¶ https://t.co/Q9e7qxe26l",0.0,0.0,1.0,0.0,69
169,CBS,2018-09-09 23:36:09+00:00,"Due to an NFL overrun, CBS is delayed 17 mins in the following markets: Kansas City, Miami, Tampa, NOLA, New York,‚Ä¶ https://t.co/9eXZ9mA1Xb",-0.2263,0.0,0.917,0.083,70
170,CBS,2018-09-09 14:00:00+00:00,Are you ready for some football? üèà Stream your favorite NFL games LIVE on #CBSAllAccess today:‚Ä¶ https://t.co/eHt8guHoyv,0.6705,0.282,0.718,0.0,71
171,CBS,2018-09-08 16:20:43+00:00,An unforgettable night of inspiring stories and performances highlighting the 10 years of impact #StandUpToCancer c‚Ä¶ https://t.co/8bp2XNKwfH,0.4215,0.149,0.851,0.0,72
172,CBS,2018-09-08 00:00:00+00:00,The star-studded event is about to begin! Tune in now to watch #StandUpToCancer on CBS and @cbsallaccess. https://t.co/cD8TJuQBog,0.0,0.0,1.0,0.0,73
173,CBS,2018-09-07 23:15:09+00:00,"RT @cbsallaccess: Join #TellMeAStory's @daniellemcam, @BillyMagnussen &amp; Dorian Missick by standing up to cancer! Watch @SU2C tonight at 8/7‚Ä¶",-0.5411,0.092,0.712,0.196,74
174,CBS,2018-09-07 21:50:51+00:00,Tune in to a first-of-its-kind digital live show as lead up to @SU2C‚Äôs televised event tonight! The show will featu‚Ä¶ https://t.co/hIVaLAXYmR,0.0,0.0,1.0,0.0,75
175,CBS,2018-09-06 22:10:49+00:00,Hollywood legend Burt Reynolds has passed away at the age of 82. He will be missed. https://t.co/HSmcJ9X9iC,-0.296,0.0,0.879,0.121,76
176,CBS,2018-09-06 19:00:01+00:00,Here are @FBICBS‚Äô @JeremySisto and @EboneeReigne with a powerful message before #StandUpToCancer airs tomorrow! https://t.co/OCqh91N1OO,0.4753,0.192,0.808,0.0,77
177,CBS,2018-09-05 21:00:00+00:00,Here's everything you need to know before tuning into #StandUpToCancer this Friday at 8/7c: https://t.co/IT9ht84TZ1 https://t.co/OK4AOxw5mP,0.0,0.0,1.0,0.0,78
178,CBS,2018-09-05 17:32:40+00:00,Survivor host @JeffProbst is here to break down the theme of #Survivor: David vs. Goliath before the new season beg‚Ä¶ https://t.co/8TcA200eFQ,0.3612,0.111,0.889,0.0,79
179,CBS,2018-09-05 16:48:09+00:00,"Thanks, @StephenAtHome. 
P.S. Nice beard. #LSSC https://t.co/wppVtfR9cL",0.6908,0.533,0.467,0.0,80
180,CBS,2018-09-04 20:34:26+00:00,The biggest names in entertainment are coming together once again for #StandUpToCancer this Friday at 8/7c on @CBS‚Ä¶ https://t.co/ntuGKLYvuW,0.4215,0.135,0.865,0.0,81
181,CBS,2018-09-01 15:25:34+00:00,RT @cbsallaccess: Stream #17 @WestVirginiaU vs. @UTKnoxville LIVE today at 3:30PM ET on CBS All Access! Try 1 month FREE using code BINGENO‚Ä¶,0.6514,0.171,0.829,0.0,82
182,CBS,2018-08-31 21:26:49+00:00,"In just one week, @RWitherspoon, @McConaughey, Jennifer Garner, and more will attend the #‚ÄãStandUpToCancer fundrais‚Ä¶ https://t.co/iHKGOoWejA",0.0,0.0,1.0,0.0,83
183,CBS,2018-08-31 18:01:01+00:00,"Believe in miracles. Watch this sneak peek of the complete premiere episode of @GodFriendedMe now, a month before i‚Ä¶ https://t.co/5AIUH5VmMk",0.0,0.0,1.0,0.0,84
184,CBS,2018-08-30 19:45:51+00:00,"RT @cbsallaccess: Money. Murder. Mystery. #OneDollar is now streaming, exclusively on CBS All Access. https://t.co/3qFdTEmVU5 https://t.co/‚Ä¶",-0.6908,0.0,0.761,0.239,85
185,CBS,2018-08-30 15:32:47+00:00,RT @GodFriendedMe: It's a godsend! We're dropping the #GodFriendedMe pilot tomorrow right here on Twitter for you to stream a full month be‚Ä¶,0.6239,0.17,0.83,0.0,86
186,CBS,2018-08-27 23:36:57+00:00,"It's almost time for sweater weather, pumpkin spice lattes, and CBS Fall TV premieres. Check out the storylines for‚Ä¶ https://t.co/BpgDyYl8fc",0.0,0.0,1.0,0.0,87
187,CBS,2018-08-24 20:30:16+00:00,RT @cbsallaccess: #NFL preseason coverage is here! üèà The Detroit @Lions battle the Tampa Bay @Buccaneers tonight at 8PM ET. Stream the game‚Ä¶,-0.4389,0.0,0.879,0.121,88
188,CBS,2018-08-22 20:55:25+00:00,"@bigbangtheory üé∂...happy kitty, sleepy kitty, purr purr purrüé∂ #TheBigBangTheory https://t.co/sEObppGJlZ",0.0,0.0,1.0,0.0,89
189,CBS,2018-08-22 20:10:12+00:00,"This is going to require multiple singings of ""Soft Kitty."" https://t.co/UdRGNeQ7Lb",0.0,0.0,1.0,0.0,90
190,CBS,2018-08-20 21:59:56+00:00,Got to get more of the @PaulMcCartney #CarpoolKaraoke into your life? @latelateshow produced an hour-long bonus spe‚Ä¶ https://t.co/DjPqajo6Xn,0.5423,0.171,0.829,0.0,91
191,CBS,2018-08-17 17:42:02+00:00,"How much does it cost to bury the truth? 
#OneDollar premieres August 30, exclusively on CBS All Access. https://t.co/ZL5TBH9ro5",0.3182,0.113,0.887,0.0,92
192,CBS,2018-08-16 18:40:09+00:00,Things got carried away when @ArianaGrande joined @latelateshow for #CarpoolKaraoke. So did Ariana. #ArianaCarpool https://t.co/WSZcC0TaYz,0.0,0.0,1.0,0.0,93
193,CBS,2018-08-16 00:09:03+00:00,RT @cbsallaccess: Murder mystery set in a small town? We're in. Rediscover the genius of original #TwinPeaks co-creators @DAVID_LYNCH and @‚Ä¶,-0.5267,0.092,0.72,0.188,94
194,CBS,2018-08-12 23:30:02+00:00,New start times for @60Minutes 7:20ET/6:20CT @CBSBigBrother 8:20ET/7:20CT @NCISLA 9:20ET/8:20CT @Elementary_CBS 10:‚Ä¶ https://t.co/Op9VcDsREa,0.0,0.0,1.0,0.0,95
195,CBS,2018-08-12 15:04:59+00:00,Clear your schedules for the 100th #PGAChamp! Stream the Final Round LIVE on @cbsallaccess at 2 PM ET across all de‚Ä¶ https://t.co/m6bH2pKTUN,0.4389,0.126,0.874,0.0,96
196,CBS,2018-08-11 18:00:00+00:00,The fortune teller you‚Äôll meet this Saturday lived a life of luxury... by scamming her victims out of hundreds of t‚Ä¶ https://t.co/fJo6F2Eo5p,-0.3182,0.0,0.897,0.103,97
197,CBS,2018-08-11 15:00:02+00:00,The 100th PGA Championship continues today! Stream it LIVE on @cbsallaccess at 2PM ET across all devices. Try 1 Wee‚Ä¶ https://t.co/jbMg06eOND,0.4926,0.144,0.856,0.0,98
198,CBS,2018-08-10 22:28:55+00:00,"To celebrate the 100th PGA Championship, relive some of the tournament's greatest moments with Luke Wilson. 

Don't‚Ä¶ https://t.co/wUuB93smr4",0.8957,0.419,0.581,0.0,99
199,CBS,2018-08-10 19:59:14+00:00,"RT @TrueCrimeCBS: When Glenn Walp and Steve Doran uncovered theft at the Los Alamos National Laboratory, they HAD to blow their whistles. W‚Ä¶",0.0,0.0,1.0,0.0,100
200,CNN,2018-10-06 04:16:08+00:00,The 2018 Nobel Peace Prize has been awarded to Denis Mukwege and Nadia Murad for their efforts to end the use of se‚Ä¶ https://t.co/DE5E6ebpJN,0.8591,0.311,0.689,0.0,1
201,CNN,2018-10-06 04:01:05+00:00,A financial disclosure from Donald Trump's sister led to The New York Times report on his taxes‚Ä¶ https://t.co/a6LcrLExvd,0.0,0.0,1.0,0.0,2
202,CNN,2018-10-06 03:49:35+00:00,"RT @CNNTonight: ""I'm grieving for the loss of truth and justice in our system, for the undermining of the Supreme Court process and also fo‚Ä¶",0.296,0.255,0.522,0.223,3
203,CNN,2018-10-06 03:46:02+00:00,Friday night lights shine as a Georgia high school wins its first football game since teammate Dylan Thomas' death‚Ä¶ https://t.co/6Mj1tCv79A,0.5719,0.171,0.829,0.0,4
204,CNN,2018-10-06 03:31:04+00:00,"Authorities have been saying a vehicle somehow started California's Ferguson Fire. 

Now, the US Forest Service say‚Ä¶ https://t.co/dqkJD6Lv6J",-0.34,0.0,0.87,0.13,5
205,CNN,2018-10-06 03:22:32+00:00,"RT @CNNTonight: CNN's @DonLemon: ""The fight over Supreme Court nominee Brett Kavanaugh has been so brutal that nobody's really coming out o‚Ä¶",-0.6418,0.118,0.624,0.258,6
206,CNN,2018-10-06 03:21:00+00:00,"CNN Business went inside Amazon HQ to see how Amazon uses AI to improve customer experiences, from cashier-less sto‚Ä¶ https://t.co/WSVmJSQ8FT",0.6486,0.27,0.73,0.0,7
207,CNN,2018-10-06 03:12:41+00:00,"Before it was used by celebrities and politicians, Twitter was nothing more than an idea sketched on Jack Dorsey's‚Ä¶ https://t.co/BtczZGnrMP",0.0,0.0,1.0,0.0,8
208,CNN,2018-10-06 03:01:02+00:00,Supreme Court Justice Elena Kagan expressed concern over the court's lack of a swing vote with Justice Anthony Kenn‚Ä¶ https://t.co/y6gv8zhE6b,0.8442,0.375,0.542,0.083,9
209,CNN,2018-10-06 02:46:05+00:00,"From a very young age, future K-pop idols follow a rigorous training regime, but only a few aspiring superstars mak‚Ä¶ https://t.co/Ld9DFzDfj4",-0.1406,0.0,0.916,0.084,10
210,CNN,2018-10-06 02:36:14+00:00,"Justice Elena Kagan expresses concern as to whether the US Supreme Court will have a ""middle position"" going forwar‚Ä¶ https://t.co/qB51s9FTom",0.7906,0.292,0.708,0.0,11
211,CNN,2018-10-06 02:31:18+00:00,This woman is being hailed as a hero after confronting another woman who was criticizing two friends for speaking S‚Ä¶ https://t.co/YvdfBuahlS,0.6705,0.31,0.542,0.148,12
212,CNN,2018-10-06 02:27:48+00:00,How the Democrats got outplayed on Kavanaugh | By Julian Zelizer via @CNNOpinion https://t.co/DDeb334HSc https://t.co/HkG8tUCwVP,0.0,0.0,1.0,0.0,13
213,CNN,2018-10-06 02:26:06+00:00,"RT @CuomoPrimeTime: ""I always thought there was hope. That's why I was fighting. ... When I spoke with Senator Flake, I did not think that‚Ä¶",0.1027,0.114,0.787,0.098,14
214,CNN,2018-10-06 02:16:19+00:00,The FDA has approved the use of a human papillomavirus vaccine called Gardasil 9 for men and women between the ages‚Ä¶ https://t.co/upmevwjuJN,0.4215,0.128,0.872,0.0,15
215,CNN,2018-10-06 02:15:39+00:00,"RT @AC360: ""C'mon Carrie, be realistic."" 
@JeffreyToobin challenges @JCNSeverino on the goals, and potential implications, of adding Judge‚Ä¶",0.0772,0.071,0.929,0.0,16
216,CNN,2018-10-06 02:07:13+00:00,"Sen. Lisa Murkowski said she remains a ""no"" on Supreme Court nominee Brett Kavanaugh but will vote ""present"" for Sa‚Ä¶ https://t.co/HhvrujSjD7",0.3182,0.108,0.892,0.0,17
217,CNN,2018-10-06 01:54:03+00:00,"Juror after juror said Jason Van Dyke was not a good witness. He was rehearsed, some said. He was not believable, s‚Ä¶ https://t.co/xkb34pO9St",-0.3412,0.0,0.897,0.103,18
218,CNN,2018-10-06 01:47:41+00:00,"RT @OutFrontCNN: Democratic nominee Ayanna Pressley says Brett Kavanaugh's confirmation is a ""permanent black eye"" on the Senate and believ‚Ä¶",0.0,0.0,1.0,0.0,19
219,CNN,2018-10-06 01:47:32+00:00,"RT @AC360: In a sit-down interview with @DanaBashCNN, Dr. Ford's lawyers address the accusation that her testimony was designed simply to c‚Ä¶",-0.25,0.0,0.909,0.091,20
220,CNN,2018-10-06 01:23:21+00:00,A lawyer representing Christine Blasey Ford says she absolutely does not want Brett Kavanaugh impeached if Democrat‚Ä¶ https://t.co/2G1jjQB6Zt,-0.1244,0.0,0.915,0.085,21
221,CNN,2018-10-06 01:17:10+00:00,"RT @cnnbrk: Sen. Steve Daines will be attending his daughter's wedding Saturday in Montana, but still may fly back to Washington to vote to‚Ä¶",0.0,0.0,1.0,0.0,22
222,CNN,2018-10-06 01:08:18+00:00,This Louisiana library waived its $3 late fee for an overdue book that was returned after 84 years‚Ä¶ https://t.co/98gzdAs93s,0.0,0.0,1.0,0.0,23
223,CNN,2018-10-06 00:54:26+00:00,Former President George W. Bush made several calls reassuring Sen. Susan Collins about Supreme Court nominee Brett‚Ä¶ https://t.co/noo3ZYN41P,0.743,0.283,0.717,0.0,24
224,CNN,2018-10-06 00:48:35+00:00,'Emotional' Facebook staff meeting addresses exec who supported Kavanaugh https://t.co/wpzGO6HVIa,0.3182,0.204,0.796,0.0,25
225,CNN,2018-10-06 00:46:55+00:00,Sen. Joe Manchin of West Virginia is on track to be the only Senate Democrat to break ranks with his party and vote‚Ä¶ https://t.co/o6QEOIC9R2,0.4019,0.105,0.895,0.0,26
226,CNN,2018-10-06 00:31:45+00:00,"""I have a very high standard. I have a very high bar for any nominee to the Supreme Court of the United States."" -‚Ä¶ https://t.co/EqdCRXFSvN",0.7506,0.242,0.758,0.0,27
227,CNN,2018-10-06 00:26:32+00:00,"RT @CNNPolitics: Murkowski: ""A judge shall act at all times, not just sometimes when you're wearing your robe. But, a judge should act at a‚Ä¶",0.0,0.0,1.0,0.0,28
228,CNN,2018-10-06 00:25:09+00:00,"What's behind President Trump's drop on the Forbes annual ""400 Wealthiest"" list? CNN's Brian Todd reports‚Ä¶ https://t.co/wwfdgjGrM7",0.2732,0.158,0.739,0.103,29
229,CNN,2018-10-06 00:17:01+00:00,An ongoing US military research project that is exploring a new biotechnology to genetically modify mature crops ha‚Ä¶ https://t.co/7oPMq4AhAr,0.4215,0.141,0.859,0.0,30
230,CNN,2018-10-06 00:08:24+00:00,"RT @OutFrontCNN: ""I have a very high standard. I have a very high bar for any nominee to the Supreme Court of the United States."" - Alaska‚Ä¶",0.7506,0.234,0.766,0.0,31
231,CNN,2018-10-06 00:08:08+00:00,"RT @CNNPolitics: Republican Sen. Lisa Murkowski: ""I was truly leaning toward supporting Judge Kavanaugh in his nomination, as I looked to t‚Ä¶",0.7003,0.234,0.766,0.0,32
232,CNN,2018-10-06 00:05:21+00:00,Senate Judiciary Chairman Chuck Grassley suggested that the lack of women on the committee was due to its heavy wor‚Ä¶ https://t.co/fTPj8ZSr5i,-0.3182,0.0,0.897,0.103,33
233,CNN,2018-10-05 23:58:41+00:00,25 headlines that sum up this week in the Trump administration | Analysis by CNN's Brenna Williams‚Ä¶ https://t.co/0Ru6aCAqVx,0.0,0.0,1.0,0.0,34
234,CNN,2018-10-05 23:57:59+00:00,"RT @OutFrontCNN: Justice Elena Kagan expresses concern as to whether the Supreme Court will have a ""middle position"" going forward https://‚Ä¶",0.7906,0.28,0.72,0.0,35
235,CNN,2018-10-05 23:57:39+00:00,"RT @OutFrontCNN: Alaska Sen. Lisa Murkowski, who is on track to be the sole Republican senator to oppose Brett Kavanaugh's nomination to th‚Ä¶",0.0,0.0,1.0,0.0,36
236,CNN,2018-10-05 23:41:06+00:00,Alaska Sen. Lisa Murkowski is on track to be the sole Republican senator to oppose Brett Kavanaugh's nomination to‚Ä¶ https://t.co/wmqQuuPUca,0.0,0.0,1.0,0.0,37
237,CNN,2018-10-05 23:39:33+00:00,"RT @OutFrontCNN: ""This is a major win for the Republican establishment, no question. We'll see now what voters have to say as they chew thi‚Ä¶",0.3818,0.136,0.786,0.079,38
238,CNN,2018-10-05 23:39:20+00:00,"RT @CNNSitRoom: Dr. Christine Blasey Ford's lawyer tells Dana Bash ""I don't think she has any regrets,"" adding, ""I think she feels like she‚Ä¶",0.3612,0.098,0.902,0.0,39
239,CNN,2018-10-05 23:34:01+00:00,"""Our country has allowed men like Brett Kavanaugh to use our founding documents to preserve their power and privile‚Ä¶ https://t.co/ioTWLte7MQ",0.3612,0.116,0.884,0.0,40
240,CNN,2018-10-05 23:27:06+00:00,"By the time GOP Sen. Susan Collins finished her speech on the Senate floor, Democrats in Maine had begun speculatin‚Ä¶ https://t.co/D6I5YJEliX",0.0,0.0,1.0,0.0,41
241,CNN,2018-10-05 23:11:02+00:00,There are slightly more Republican-appointed federal judges sitting on the bench right now than those appointed by‚Ä¶ https://t.co/n07Qj049vU,0.0,0.0,1.0,0.0,42
242,CNN,2018-10-05 23:01:02+00:00,First lady Melania Trump's latest white hat evokes a colonialist comparison https://t.co/kOErJuwqGh https://t.co/pcL3sGBI2h,0.0,0.0,1.0,0.0,43
243,CNN,2018-10-05 22:57:36+00:00,"RT @CNNSitRoom: ""The reality is, he showed me who he was when he was before the Senate Judiciary Committee ... he showed me to be a partisa‚Ä¶",0.0,0.0,1.0,0.0,44
244,CNN,2018-10-05 22:51:03+00:00,"Susan Rice tweets ""Me"" when asked who could challenge Maine GOP Sen. Susan Collins in 2020 https://t.co/bD1hrp3mkM https://t.co/MMVixtXe7v",0.0772,0.071,0.929,0.0,45
245,CNN,2018-10-05 22:41:04+00:00,The FDA has revoked the use of seven food additives after environmentalists and food safety experts presented data‚Ä¶ https://t.co/1DIF89OHR6,0.4215,0.135,0.865,0.0,46
246,CNN,2018-10-05 22:31:03+00:00,Partisanship questions threaten to shadow Brett Kavanaugh on the Supreme Court | Analysis by CNN's Joan Biskupic‚Ä¶ https://t.co/FrJLG86Ta1,0.25,0.17,0.708,0.123,47
247,CNN,2018-10-05 22:25:04+00:00,"With Sens. Collins and Manchin announcing they're a ‚ÄúYes‚Äù on SCOTUS nominee Brett Kavanaugh, Full Circle focuses on‚Ä¶ https://t.co/hSstb7ls9r",0.0,0.0,1.0,0.0,48
248,CNN,2018-10-05 22:21:06+00:00,A police escort led a convoy of buses and cars on the way to Pike County High School's first game since Dylan Thoma‚Ä¶ https://t.co/DQjbpsahZv,0.0,0.0,1.0,0.0,49
249,CNN,2018-10-05 22:21:05+00:00,A top US admiral warns of a Russian submarine threat https://t.co/sCBTG8liJO https://t.co/zYBgNcAXzg,-0.1779,0.275,0.403,0.322,50
250,CNN,2018-10-05 22:21:02+00:00,"A two-year-old boy shredded more than $1,000 his parents had saved to pay a debt https://t.co/mNZgfQ6xiu https://t.co/n8ikknh1C5",-0.0258,0.15,0.642,0.209,51
251,CNN,2018-10-05 22:13:05+00:00,"""The investigation and much of what has gone along with it amount to a cover-up,"" Frida Ghitis writes about the Kav‚Ä¶ https://t.co/1pXsRiwNqz",0.0,0.0,1.0,0.0,52
252,CNN,2018-10-05 22:02:59+00:00,"RT @CNNSitRoom: ""I'm very disappointed ... we're going to put, on the Supreme Court, for a lifetime appointment, someone with this kind of‚Ä¶",0.6378,0.253,0.633,0.113,53
253,CNN,2018-10-05 22:01:02+00:00,"With Sens. Collins and Manchin announcing they're a ‚ÄúYes‚Äù on SCOTUS nominee Brett Kavanaugh, Full Circle focuses on‚Ä¶ https://t.co/YPuyY7dBn6",0.0,0.0,1.0,0.0,54
254,CNN,2018-10-05 22:01:00+00:00,"A rock that was used as a doorstop for the past 30 years turned out to be a meteorite valued at $100,000‚Ä¶ https://t.co/ofgtyZvze2",0.4404,0.132,0.868,0.0,55
255,CNN,2018-10-05 21:39:18+00:00,"At 106 (and 1/2), this doctor isn't slowing down https://t.co/l59QWAFkfX https://t.co/PfjRmoKOtU",0.0,0.0,1.0,0.0,56
256,CNN,2018-10-05 21:26:27+00:00,An eight-year-old girl found a pre-Viking-era sword while she was playing in a lake in Sweden‚Ä¶ https://t.co/sfeAJqtTyT,0.2023,0.114,0.886,0.0,57
257,CNN,2018-10-05 21:22:53+00:00,"Did a breach at Duke Energy's L.V. Sutton plant in Wilmington, North Carolina -- which stores coal ash -- last mont‚Ä¶ https://t.co/noZBsVRpcT",0.0,0.0,1.0,0.0,58
258,CNN,2018-10-05 21:16:48+00:00,"Doctors are giving ""nature prescriptions"" in the UK's Shetland Islands in an effort to encourage patients to reap t‚Ä¶ https://t.co/MsMApyuELR",0.6908,0.241,0.759,0.0,59
259,CNN,2018-10-05 21:06:53+00:00,"One year ago, they investigated Harvey Weinstein and sparked a fire that changed the world https://t.co/K3aKbQlZ3o https://t.co/AnKjw9KJqT",-0.34,0.0,0.862,0.138,60
260,CNN,2018-10-05 21:03:33+00:00,"RT @TheLeadCNN: After Senators Collins and Manchin say they'll vote yes on Kavanaugh, Democratic Sen. Dick Durbin says that his message to‚Ä¶",-0.1531,0.104,0.769,0.127,61
261,CNN,2018-10-05 20:49:58+00:00,Susan Collins just made Brett Kavanaugh a Supreme Court justice | Analysis by @CillizzaCNN https://t.co/88xhhaQuhP https://t.co/ifbtg0vbCJ,0.7906,0.368,0.632,0.0,62
262,CNN,2018-10-05 20:44:44+00:00,"RT @TheLeadCNN: ""This is going to be an issue"" that will ""boost"" Democrat voters, says @TaraSetmayer, after key Senators Collins and Manchi‚Ä¶",0.0,0.0,1.0,0.0,63
263,CNN,2018-10-05 20:42:43+00:00,"Brett Kavanaugh appears to have enough Senate votes to be confirmed to the Supreme Court, likely giving President T‚Ä¶ https://t.co/UlTjXRj3Nt",0.7184,0.25,0.75,0.0,64
264,CNN,2018-10-05 20:35:30+00:00,Republican Sen. Susan Collins just announced that she is supporting Brett Kavanaugh's confirmation after delivering‚Ä¶ https://t.co/GYIvs19RFs,0.4404,0.162,0.838,0.0,65
265,CNN,2018-10-05 20:27:54+00:00,"RT @CNNnewsroom: Amid a chorus of ""Shame! Shame!"" chants, @SenJoeManchine details his reasons for voting Yes on Judge Brett Kavanaugh's #SC‚Ä¶",0.508,0.147,0.853,0.0,66
266,CNN,2018-10-05 20:23:53+00:00,"Protesters chanted, ""Shame! Shame!"" as Sen. Joe Manchin spoke to reporters after announcing support for Brett Kavan‚Ä¶ https://t.co/m3IgayyyGP",0.3365,0.155,0.755,0.09,67
267,CNN,2018-10-05 20:06:59+00:00,"Democratic Sen. Joe Manchin tweets: ""I will vote to support Supreme Court nominee Judge Brett Kavanaugh""‚Ä¶ https://t.co/iO0RVtg3Gw",0.743,0.296,0.704,0.0,68
268,CNN,2018-10-05 20:04:43+00:00,"RT @CNNPolitics: Collins: ""Every person, man or woman, who makes a charge of sexual assault deserves to be heard and treated with respect.‚Ä¶",-0.5859,0.0,0.847,0.153,69
269,CNN,2018-10-05 20:03:02+00:00,"Minutes after Sen. Susan Collins announced on the Senate floor that she would vote yes to confirm Brett Kavanaugh,‚Ä¶ https://t.co/yVHXyB9PbO",0.4019,0.124,0.876,0.0,70
270,CNN,2018-10-05 19:59:50+00:00,"GOP Sen. Susan Collins: ""I will vote to confirm Judge Kavanaugh"" https://t.co/M1NxsRuaEp https://t.co/hpNNnL3WPw",0.0,0.0,1.0,0.0,71
271,CNN,2018-10-05 19:56:38+00:00,"Republican Sen. Susan Collins says she will vote ""yes"" on Supreme Court nominee Kavanaugh https://t.co/fLbBJyvzSM https://t.co/8CE3EIGy6x",0.5574,0.194,0.806,0.0,72
272,CNN,2018-10-05 19:45:19+00:00,FIFA has suspended Sierra Leone from world football over claims of government interference https://t.co/brl7lBrQbE https://t.co/Je1mKvzTXs,-0.4767,0.0,0.819,0.181,73
273,CNN,2018-10-05 19:30:01+00:00,"RT @CNNPolitics: ""My duty as a senator is to focus on the nominee's qualifications as long as that nominee's philosophy is within the mains‚Ä¶",0.0,0.0,1.0,0.0,74
274,CNN,2018-10-05 19:29:36+00:00,"Sketches and notes by J.K. Rowling, along with other magical inspiration from around the world, are on display to h‚Ä¶ https://t.co/vZh52SL3gO",0.5267,0.145,0.855,0.0,75
275,CNN,2018-10-05 19:17:54+00:00,"RT @CNNPolitics: Republican Sen. Susan Collins: ""Today we have come to the conclusion of a confirmation process that has become so dysfunct‚Ä¶",0.0,0.0,1.0,0.0,76
276,CNN,2018-10-05 19:16:10+00:00,"Sen. Susan Collins is announcing how she plans to vote on Brett Kavanaugh.

Follow live updates:‚Ä¶ https://t.co/sc4b27zskg",0.0,0.0,1.0,0.0,77
277,CNN,2018-10-05 19:14:00+00:00,Republican Sen. Susan Collins announces how she will vote on Kavanaugh. Watch CNN: https://t.co/UYpqI3w42L https://t.co/AR8UxenBpM,0.0,0.0,1.0,0.0,78
278,CNN,2018-10-05 19:10:08+00:00,Traffic jams and loud horns after midnight. Folks in Ireland are more than just a little excited now that the count‚Ä¶ https://t.co/rrFpwtChKa,0.2748,0.095,0.905,0.0,79
279,CNN,2018-10-05 19:08:53+00:00,BREAKING: Chicago police Officer Jason Van Dyke has been found guilty of second-degree murder in the death of Laqua‚Ä¶ https://t.co/wjoGThXDhY,-0.9081,0.0,0.599,0.401,80
280,CNN,2018-10-05 18:56:38+00:00,"Mike ""The Situation"" Sorrentino, best known from MTV's ""Jersey Shore,"" is sentenced to eight months in prison for t‚Ä¶ https://t.co/H6lBugshuL",0.2023,0.164,0.664,0.172,81
281,CNN,2018-10-05 18:50:07+00:00,Greg Gianforte's private plane could be critical to Brett Kavanaugh's confirmation https://t.co/9FDHdSlxeL https://t.co/gh4nBnREEA,-0.3182,0.0,0.839,0.161,82
282,CNN,2018-10-05 18:40:16+00:00,This woman is being hailed a hero after confronting another woman who was criticizing two friends for speaking Span‚Ä¶ https://t.co/Mfb9jC4HW9,0.6705,0.322,0.524,0.154,83
283,CNN,2018-10-05 18:30:06+00:00,"""I actually got to eat my food while it was still hot!‚Äù: This incredibly kind Olive Garden waitress helped feed a f‚Ä¶ https://t.co/yl2iCWBkw9",0.6105,0.159,0.841,0.0,84
284,CNN,2018-10-05 18:23:22+00:00,RT @cnnbrk: A verdict is reached in the trial of a Chicago police officer charged with murder in the killing of 17-year-old Laquan McDonald‚Ä¶,-0.872,0.097,0.55,0.353,85
285,CNN,2018-10-05 18:20:06+00:00,"Vitamin D supplements do not improve bone mineral density or prevent fractures or falls in adults, a large study fi‚Ä¶ https://t.co/IOaSMC6DIo",-0.0274,0.152,0.737,0.111,86
286,CNN,2018-10-05 18:10:04+00:00,"Nike has said it is ""deeply concerned"" by the rape allegation against Cristiano Ronaldo https://t.co/C6jQ29Rf8N https://t.co/RjBuWu9TyE",-0.6908,0.0,0.761,0.239,87
287,CNN,2018-10-05 18:00:02+00:00,"A two-year-old boy shredded more than $1,000 his parents had saved to pay a debt https://t.co/mNZgfPOVTU https://t.co/dl2WWnLarv",-0.0258,0.15,0.642,0.209,88
288,CNN,2018-10-05 17:50:07+00:00,"Republican Sen. Lisa Murkowski voted no on cloture earlier this morning, and will vote no on the final Kavanaugh co‚Ä¶ https://t.co/H1FfzWVJGW",-0.5267,0.0,0.812,0.188,89
289,CNN,2018-10-05 17:40:10+00:00,All the ways Amazon's AI brought me the socks I am wearing right now | via @mattmcfarland https://t.co/91706JGMEU https://t.co/DykZ7An1Id,0.0,0.0,1.0,0.0,90
290,CNN,2018-10-05 17:30:01+00:00,"A rock that was used as a doorstop for the past 30 years turned out to be a meteorite valued at $100,000‚Ä¶ https://t.co/kLc0ftx375",0.4404,0.132,0.868,0.0,91
291,CNN,2018-10-05 17:17:00+00:00,This Texan might be America‚Äôs first Filipina in Congress. Gina Ortiz Jones is an LGBTQ Iraq war vet who wants to pr‚Ä¶ https://t.co/TwYtebfVoo,-0.5994,0.0,0.849,0.151,92
292,CNN,2018-10-05 17:08:50+00:00,"The US unemployment rate fell to 3.7% in September, the lowest level since December 1969. https://t.co/BchOtic0Y1 https://t.co/KLhc75J5Y1",-0.6705,0.0,0.732,0.268,93
293,CNN,2018-10-05 17:03:18+00:00,A Republican county chairman in North Carolina reportedly shared a photo that social media trolls have falsely clai‚Ä¶ https://t.co/WaSiqlOrzo,0.34,0.13,0.87,0.0,94
294,CNN,2018-10-05 17:01:15+00:00,Agender. Nonbinary. Genderqueer. Gender today goes far beyond boy and girl. @lisaling discovers what it means to be‚Ä¶ https://t.co/hGKHcRhI1L,0.0,0.0,1.0,0.0,95
295,CNN,2018-10-05 16:52:51+00:00,"A two-year-old boy shredded more than $1,000 his parents had saved to pay a debt https://t.co/mNZgfQ6xiu https://t.co/h9b3pTKKd4",-0.0258,0.15,0.642,0.209,96
296,CNN,2018-10-05 16:42:04+00:00,"Sen. Jeff Flake says he will vote yes on Brett Kavanaugh's confirmation, unless something ""big"" were to happen‚Ä¶ https://t.co/XdNjjL7QeL",0.4019,0.13,0.87,0.0,97
297,CNN,2018-10-05 16:40:08+00:00,"Vitamin D supplements do not improve bone mineral density or prevent fractures or falls in adults, a large study fi‚Ä¶ https://t.co/0pxnDk0Sdy",-0.0274,0.152,0.737,0.111,98
298,CNN,2018-10-05 16:30:07+00:00,The 2018 Nobel Peace Prize has been awarded to Denis Mukwege and Nadia Murad for their efforts to end the use of se‚Ä¶ https://t.co/XXGezyITJ7,0.8591,0.311,0.689,0.0,99
299,CNN,2018-10-05 16:20:00+00:00,"CNN Business went inside Amazon HQ to see how Amazon uses AI to improve customer experiences, from cashier-less sto‚Ä¶ https://t.co/Eh42KUWnf2",0.6486,0.27,0.73,0.0,100
300,Fox,2018-09-27 22:42:30+00:00,"RT @fox: üö® @calibreapp is hiring (remote). @benschwarz is one of the most passionate people, deeply caring about building a sustainable, in‚Ä¶",0.8012,0.285,0.715,0.0,1
301,Fox,2018-09-26 00:47:03+00:00,"If you‚Äôre interested in building a more welcoming Web, web performance, user experience, contributing in many areas‚Ä¶ https://t.co/DEjPCYO61S",0.7089,0.282,0.718,0.0,2
302,Fox,2018-09-26 00:44:28+00:00,"üö® @calibreapp is hiring (remote). @benschwarz is one of the most passionate people, deeply caring about building a‚Ä¶ https://t.co/TvvTzTKtJz",0.8012,0.31,0.69,0.0,3
303,Fox,2018-09-10 15:57:26+00:00,"RT @lehudgins: ""I don't believe in equal opportunity offense because there isn't equal opportunity."" -@harikondabolu

#xoxofest2018",0.2023,0.149,0.745,0.106,4
304,Fox,2018-09-10 15:57:15+00:00,RT @GermanCityGirl: ‚ÄúThere‚Äôs no goddamned thought police or so many white men would be arrested by now.‚Äù - @harikondabolu #XOXOFest #xoxo,-0.7964,0.0,0.677,0.323,5
305,Fox,2018-09-09 23:03:46+00:00,RT @jina: I'm tired of people saying that CSS is a useless skill to have. I built up my whole career around it and I'm proud of the work I'‚Ä¶,-0.3818,0.092,0.74,0.169,6
306,Fox,2018-09-08 23:41:17+00:00,RT @femfreq: Great advice from @ContraPoints üòÇüòâ #XOXOFest #xoxo https://t.co/JxCOcxLNQ7,0.6249,0.313,0.687,0.0,7
307,Fox,2018-09-07 02:23:15+00:00,"After so many years, I‚Äôm finally here, ready to undeniably be blown away. üíô @andymcmillan and @waxpancake for bring‚Ä¶ https://t.co/j0vihTKMTN",0.3612,0.122,0.878,0.0,8
308,Fox,2018-09-07 01:57:50+00:00,@jennschiffer hi Jenn look right,0.0,0.0,1.0,0.0,9
309,Fox,2018-09-05 21:35:33+00:00,"@ohhoe @alicegoldfuss pok pok, bollywood theather, woodsman tavern, harlow, good coffee, coava coffee, stumptown, s‚Ä¶ https://t.co/aHWKgPpSTR",0.4404,0.162,0.838,0.0,10
310,Fox,2018-09-05 21:32:37+00:00,@paulozoom the only suitable plan seems to be ice cream?,0.0,0.0,1.0,0.0,11
311,Fox,2018-09-05 21:29:31+00:00,@alicegoldfuss @ohhoe here to provide recommendations if anyone needs some! especially in SE ‚úåüèª,0.0,0.0,1.0,0.0,12
312,Fox,2018-09-05 21:28:35+00:00,@paulozoom I see you creepin‚Äô in the SE üëãüèª,0.0,0.0,1.0,0.0,13
313,Fox,2018-09-05 15:42:48+00:00,@mrmrs_ I got u https://t.co/rWaFh4GOaW,0.0,0.0,1.0,0.0,14
314,Fox,2018-09-04 17:44:58+00:00,@amelielamont üôãüèª,0.0,0.0,1.0,0.0,15
315,Fox,2018-09-03 23:11:00+00:00,"@justkelly_ok omg, see you there!",0.0,0.0,1.0,0.0,16
316,Fox,2018-09-03 22:37:42+00:00,"I can‚Äôt even begin to grasp how many amazing people are going to be at @xoxo later this week. So excited!

Say hi, don‚Äôt be a stranger! üëãüèªüíñ",0.7951,0.228,0.772,0.0,17
317,Fox,2018-08-30 00:10:58+00:00,"RT @css: A new Chrome feature dubbed ""Blink LazyLoad"" is designed to dramatically improve performance by deferring the load of below-the-fo‚Ä¶",0.296,0.128,0.796,0.075,18
318,Fox,2018-08-24 00:29:24+00:00,"I‚Äôm so happy I work at a company that deeply cares about, tracks, stays humble and makes no excuses for pitfalls in‚Ä¶ https://t.co/IgZJlMkP07",0.7258,0.265,0.655,0.08,19
319,Fox,2018-08-22 03:39:28+00:00,"RT @fox: üëãüèªI‚Äôm selling a bit of Apple gear in excellent condition, Melbourne only. Retweets welcome. Reply or email if you‚Äôre interested.‚Ä¶",0.7717,0.261,0.739,0.0,20
320,Fox,2018-08-21 23:51:22+00:00,"A friendly reminder that Guetzli, Google‚Äôs open source JPEG encoder, might be slower but can yield even up to 50% a‚Ä¶ https://t.co/FN26irQYi8",0.2732,0.095,0.905,0.0,21
321,Fox,2018-08-20 23:03:43+00:00,"Lazy loading content can be a very powerful performance strategy. Unfortunately, often it‚Äôs complicated to implemen‚Ä¶ https://t.co/ZHbSmxFB25",-0.204,0.147,0.619,0.233,22
322,Fox,2018-08-20 00:00:09+00:00,"üëãüèªI‚Äôm selling a bit of Apple gear in excellent condition, Melbourne only. Retweets welcome. Reply or email if you‚Äôr‚Ä¶ https://t.co/Kift5NHw9e",0.7717,0.283,0.717,0.0,23
323,Fox,2018-08-09 04:56:06+00:00,"@j2h @benschwarz I get off twitter and this is what happens? what is this bromance, Josh??? should I feel threatened? üòÇ",-0.6072,0.0,0.811,0.189,24
324,Fox,2018-08-08 02:12:41+00:00,"We all need a bit of good news in those disturbing times‚Äîhere‚Äôs where @goodgoodgood delivers. 

https://t.co/T5qhMKd4aY",-0.1027,0.151,0.677,0.172,25
325,Fox,2018-08-08 02:10:53+00:00,"I travel a bit and carefully choose where I stay, eat and go (uh, the designer struggle). I üòç @sabrina‚Äôs‚Ä¶ https://t.co/f43vmBg3DW",0.128,0.091,0.909,0.0,26
326,Fox,2018-08-08 02:08:41+00:00,I‚Äôve recently subscribed to @jkglei‚Äôs newsletter and never looked back. Love the focus on thoughtful technology and‚Ä¶ https://t.co/m28bMmSEBV,-0.1945,0.118,0.728,0.153,27
327,Fox,2018-08-08 02:07:07+00:00,"If customer success, culture, growth and product are your jam, I couldn‚Äôt recommend @helpscout‚Äôs newsletters more.‚Ä¶ https://t.co/8ji9mKMLeX",0.8316,0.404,0.596,0.0,28
328,Fox,2018-08-08 01:59:38+00:00,"I have been enjoying @intercom newsletters for product, marketing and startup tips. The quality has always been ama‚Ä¶ https://t.co/fA9fw1KXIt",0.5267,0.167,0.833,0.0,29
329,Fox,2018-08-08 01:57:04+00:00,"The Daily Good from @thegoodtrade covers conscious, sustainable fashion, wellbeing, beauty, food, lifestyle and tra‚Ä¶ https://t.co/qmAOyGcm9i",0.7717,0.324,0.676,0.0,30
330,Fox,2018-08-08 01:54:45+00:00,Friday is one of my favourite days because of @girlsnightinHQ. A perfect encapsulation of self-care and womanhood.‚Ä¶ https://t.co/HhI1mGfXe8,0.5719,0.188,0.812,0.0,31
331,Fox,2018-08-08 01:50:21+00:00,"I love @offscreenmag Dispatch. Great productivity tools, services and design objects all wrapped up in a lovely des‚Ä¶ https://t.co/lR8tsWKGNw",0.9201,0.464,0.536,0.0,32
332,Fox,2018-08-08 01:48:16+00:00,Here are my favourite newsletters (it‚Äôs now the primary way I discover content as I‚Äôve mostly ditched reading social media). ‚Üì,0.0,0.0,1.0,0.0,33
333,Fox,2018-08-07 23:32:22+00:00,RT @6Gems: Black women are paid 38% less than white men. I support equal pay‚Äîbecause #38PercentCounts. https://t.co/mXFOdcL8Q3,0.4019,0.153,0.847,0.0,34
334,Fox,2018-08-07 23:32:15+00:00,"If you‚Äôre up for a conference-grade talk about UX and groundbreaking performance strategies, come to see‚Ä¶ https://t.co/x2sghiw62F",0.0,0.0,1.0,0.0,35
335,Fox,2018-08-07 23:28:56+00:00,"RT @Calibreapp: Scheduler 2.0

Our longest standing feature request was to improve Calibre‚Äôs test scheduler. That‚Äôs exactly what we‚Äôve done‚Ä¶",0.4404,0.132,0.868,0.0,36
336,Fox,2018-08-07 23:06:06+00:00,"RT @fox: Hey #dddperth, here are the slides with all the references from my keynote about building a welcoming, ethical Web! Transcript com‚Ä¶",0.7574,0.245,0.755,0.0,37
337,Fox,2018-08-04 03:47:44+00:00,"@LNRBLB thank you, Eleanor! üéâ",0.4199,0.482,0.518,0.0,38
338,Fox,2018-08-04 03:27:03+00:00,@cckate thank you! üíñ,0.4199,0.583,0.417,0.0,39
339,Fox,2018-08-04 03:12:25+00:00,"Hey #dddperth, here are the slides with all the references from my keynote about building a welcoming, ethical Web!‚Ä¶ https://t.co/hPilGINzyI",0.7574,0.276,0.724,0.0,40
340,Fox,2018-08-04 03:05:32+00:00,"@Chisa omg, this is so great! thank you, Teresa! üòç",0.8626,0.551,0.449,0.0,41
341,Fox,2018-08-04 03:04:39+00:00,RT @andreabedini: I am extremely grateful to @fox for showing me today how technology became anti-human while we weren‚Äôt paying attention.‚Ä¶,0.5095,0.148,0.852,0.0,42
342,Fox,2018-08-04 03:04:32+00:00,"@andreabedini thank you, Andrea! I‚Äôm glad you‚Äôve found it useful!",0.8395,0.562,0.438,0.0,43
343,Fox,2018-08-04 03:03:40+00:00,"@evandotly thank you, Evan! üå∏",0.4199,0.482,0.518,0.0,44
344,Fox,2018-08-04 03:03:16+00:00,RT @msandfor: #dddperth We must build ethical thinking into the way we build software https://t.co/F4QKYOVT1p,0.5106,0.191,0.809,0.0,45
345,Fox,2018-08-04 03:03:07+00:00,RT @MichelePlayfair: Thread ‚òùÔ∏è‚òùÔ∏è 8 principles of ethics in tech from @fox at #DDDPerth üëè,0.0,0.0,1.0,0.0,46
346,Fox,2018-08-04 03:02:36+00:00,@samwilson yes :),0.6908,0.851,0.149,0.0,47
347,Fox,2018-08-04 03:01:15+00:00,"RT @Amys_Kapers: Until anyone can survive and thrive on the web, no matter their background, gender, ethnicity, etc, the web isn't a welcom‚Ä¶",-0.2732,0.047,0.858,0.094,48
348,Fox,2018-08-04 03:00:55+00:00,RT @MichelePlayfair: . @fox dropping the keynote truth bombs at #dddperth https://t.co/RKAgOSozMB,0.3182,0.187,0.813,0.0,49
349,Fox,2018-08-04 03:00:48+00:00,"RT @Mandy_Kerr: ‚ÄúDisruption isn‚Äôt a getaway free card to bypass laws, freedoms, moral compass, civil rights and human protections‚Äù - @fox #‚Ä¶",0.6705,0.234,0.766,0.0,50
350,Fox,2018-08-04 02:43:00+00:00,RT @Chisa: TOO much good stuff from @Fox @dddperth #dddperth https://t.co/XVI1DHGQdd,0.4404,0.225,0.775,0.0,51
351,Fox,2018-08-04 02:42:39+00:00,RT @kylietimpani: I cannot applaud or amplify @fox‚Äôs message enough: the web is at a crisis point. Tech is unethical. Exclusionary. A platf‚Ä¶,-0.8714,0.0,0.632,0.368,52
352,Fox,2018-08-04 02:42:17+00:00,RT @Caiwrote: @fox laying down some truths #DDDPerth https://t.co/o2eJNcU5UQ,0.4215,0.259,0.741,0.0,53
353,Fox,2018-08-04 02:41:59+00:00,"RT @Mandy_Kerr: ‚ÄúTechnology should be a mindful, quiet companion to our lives‚Äù - @fox #DDDPerth https://t.co/vB6wBAdqvr",0.0,0.0,1.0,0.0,54
354,Fox,2018-08-04 02:41:51+00:00,"RT @LJKenward: Opening #DDDPerth is the incredible @fox with Towards a welcoming Web.

The Pitfalls of Technology:

Move fast and break thi‚Ä¶",0.4404,0.127,0.873,0.0,55
355,Fox,2018-08-03 08:49:38+00:00,I forgot that Twitter is the epicentre of harassment and anxiety-inducing content. Back to sharing via Buffer and n‚Ä¶ https://t.co/jiBOURbIKk,-0.1779,0.12,0.73,0.15,56
356,Fox,2018-08-03 08:20:43+00:00,"RT @evan_greer: Sarah Jeong is a badass &amp; reverse racism is not a thing
 Sarah Jeong is a badass &amp; reverse racism is not a thing
 Sarah Jeo‚Ä¶",-0.886,0.0,0.637,0.363,57
357,Fox,2018-08-03 07:24:56+00:00,"It‚Äôs a privilege to be opening #dddperth tomorrow morning! Come and find out how to build an ethical, welcoming Web‚Ä¶ https://t.co/eC1xTFZ3YR",0.8398,0.346,0.654,0.0,58
358,Fox,2018-08-03 07:21:15+00:00,RT @verge: A note from the editors of The Verge https://t.co/B3wF4dNukg https://t.co/fhgvH9WlkC,0.0,0.0,1.0,0.0,59
359,Fox,2018-08-02 04:10:03+00:00,"What are your favourite newsletters covering the following subjects: tech, design, front-end, culture, design objects, travel, well-being?",0.0,0.0,1.0,0.0,60
360,Fox,2018-08-01 22:42:57+00:00,"@soxyface Thank you, it was lovely meeting you! üíê",0.7644,0.524,0.476,0.0,61
361,Fox,2018-08-01 21:37:21+00:00,"@sentience Thank you! I really enjoyed yours too! 

I‚Äôm doing a 45-min version at @DDDPerth this weekend that has m‚Ä¶ https://t.co/Drn3ODuLx2",0.7702,0.282,0.718,0.0,62
362,Fox,2018-08-01 06:18:32+00:00,@soxyface @MsJonesInSydney here are the slides with all the references. üôáüèª‚Äç‚ôÄÔ∏è I will publish a transcript next week! https://t.co/EcSUpoi0Rw,0.0,0.0,1.0,0.0,63
363,Fox,2018-08-01 06:16:28+00:00,@marcosc thank you! üôáüèª‚Äç‚ôÄÔ∏è,0.4199,0.482,0.518,0.0,64
364,Fox,2018-08-01 06:13:13+00:00,"RT @MsJonesInSydney: The theme at #Code18 #CodeLeaders is strong! @fox is currently highlighting algorithmic bias, tech ethics and exclusio‚Ä¶",0.4926,0.163,0.773,0.064,65
365,Fox,2018-08-01 06:12:58+00:00,"@DivZero_ indeed, it‚Äôs all challenging and often depressing, but if we don‚Äôt take action it won‚Äôt get any better. i‚Ä¶ https://t.co/lldW02OHPv",0.5187,0.206,0.721,0.072,66
366,Fox,2018-08-01 02:35:19+00:00,"So refreshing to hear @johnallsopp reminding about inclusion, diversity and sharing knowledge around these subjects‚Ä¶ https://t.co/Ink4d4W7m5",0.4215,0.157,0.843,0.0,67
367,Fox,2018-08-01 02:32:40+00:00,"Well, @msjonesinsydney definitely knows how to drop the mic on horrifying diversity and inclusion stats. 

A fantas‚Ä¶ https://t.co/GeLolnfgEm",-0.25,0.203,0.551,0.246,68
368,Fox,2018-08-01 02:18:01+00:00,@benschwarz nooo pressure whatsoever,-0.296,0.0,0.577,0.423,69
369,Fox,2018-08-01 02:03:31+00:00,That moment when a white guy says ‚Äùthere aren‚Äôt many women developers‚Äù and you cross eyes with any other woman in t‚Ä¶ https://t.co/033oMUbEl8,0.0,0.0,1.0,0.0,70
370,Fox,2018-08-01 01:53:15+00:00,@Mandy_Kerr the winds have been gracious,0.5574,0.419,0.581,0.0,71
371,Fox,2018-07-31 23:27:35+00:00,@soxyface thank you! I‚Äôm hydrating ‚õ≤Ô∏è,0.4199,0.358,0.642,0.0,72
372,Fox,2018-07-31 22:58:07+00:00,"I‚Äôll be speaking at @webdirections Code Leaders today at 3.30pm (if I don‚Äôt lose my voice in the meantime üòÇü§ß).

Com‚Ä¶ https://t.co/oh0yLrEE0F",-0.4019,0.0,0.881,0.119,73
373,Fox,2018-07-19 22:21:10+00:00,One of the reasons I‚Äôm so excited to be a part of @helpscout is the commitment to building an inclusive culture wit‚Ä¶ https://t.co/6H6GDJ1TON,0.6924,0.222,0.778,0.0,74
374,Fox,2018-07-11 21:30:06+00:00,More Boston snaps. https://t.co/NCcWPSV8yX,0.0,0.0,1.0,0.0,75
375,Fox,2018-07-09 23:35:49+00:00,"RT @helpscout: Said it once, we'll keep saying it: we are thrilled to add you to the team @fox! ü¶ä https://t.co/bKc6GSq6tR",0.4926,0.144,0.856,0.0,76
376,Fox,2018-07-09 20:12:02+00:00,"@mattopsahl lol, offensive",-0.0516,0.412,0.147,0.441,77
377,Fox,2018-07-09 19:43:29+00:00,"@tompedals yay, hello, hi! üëãüèª",0.5707,0.48,0.52,0.0,78
378,Fox,2018-07-09 19:43:13+00:00,"@madalynrose thanks, Madalyn. üíñ",0.4404,0.592,0.408,0.0,79
379,Fox,2018-07-09 19:43:04+00:00,"@andymcmillan weee, thank you!!",0.4738,0.507,0.493,0.0,80
380,Fox,2018-07-09 19:42:56+00:00,@jennwrites üíñüíñüíñ,0.0,0.0,1.0,0.0,81
381,Fox,2018-07-09 19:42:42+00:00,@paulozoom thank you! it is awesome :),0.8718,0.712,0.288,0.0,82
382,Fox,2018-07-09 19:42:27+00:00,@brianloveswords thank you üôáüèª‚Äç‚ôÄÔ∏è,0.3612,0.455,0.545,0.0,83
383,Fox,2018-07-09 19:42:10+00:00,"@patrickhamann thanks, Patrick! üíñ",0.4926,0.615,0.385,0.0,84
384,Fox,2018-07-09 19:41:56+00:00,@lynnandtonic thank you and I will miss you!,0.2942,0.297,0.532,0.17,85
385,Fox,2018-07-09 17:17:20+00:00,"@patrickbjohnson nah, only here for a week. travelling alone so don‚Äôt want to make it a very long trip (hashtag anx‚Ä¶ https://t.co/sdzeg7AUmr",-0.2075,0.072,0.773,0.155,86
386,Fox,2018-07-09 17:06:00+00:00,"@lrnrd thanks, bb üíñ",0.4404,0.592,0.408,0.0,87
387,Fox,2018-07-09 13:04:47+00:00,"@jstn Oh yeah, Coava, Stumptown and Good Coffee are my long standing favs!",0.6588,0.329,0.671,0.0,88
388,Fox,2018-07-09 13:00:00+00:00,"I‚Äôm so spoiled by Melbourne standards I literally cannot drink this liquid that was just served to me as coffee

üòÇüíÄ",0.0,0.0,1.0,0.0,89
389,Fox,2018-07-09 12:42:20+00:00,"I‚Äôm excited to share that today is my first day at @helpscout as a front-end engineer on the design team, which is‚Ä¶ https://t.co/LrW8L2lBcq",0.5574,0.187,0.813,0.0,90
390,Fox,2018-07-09 08:03:22+00:00,"Here lies Karolina, defeated by jetlag after mere three hours of sleep.",-0.7096,0.0,0.629,0.371,91
391,Fox,2018-07-08 19:48:49+00:00,@andrewvijay Everywhere to be honest. That particular one was in the US. That mostly doesn‚Äôt happen in Australia.,0.5106,0.163,0.837,0.0,92
392,Fox,2018-07-08 19:48:11+00:00,@mctrebo Boston,0.0,0.0,1.0,0.0,93
393,Fox,2018-07-08 19:45:15+00:00,"@LukesBeard It‚Äôs the most annoying thing that all social media, including Instagram, butchers the quality of photos‚Ä¶ https://t.co/7y8A7IuLcT",-0.4576,0.0,0.85,0.15,94
394,Fox,2018-07-08 19:06:16+00:00,"‚ÄúPerks‚Äù of traveling alone as a woman: being called ‚Äúhoney‚Äù in all restaurants/stores, being grabbed by the arm by‚Ä¶ https://t.co/ziCifcCI2x",-0.25,0.0,0.9,0.1,95
395,Fox,2018-07-08 17:39:19+00:00,@mattopsahl Oh! I did go to the Boston Common and Public Garden :) will check it out!,0.555,0.193,0.807,0.0,96
396,Fox,2018-07-08 17:37:47+00:00,@amyngyn tbh I specifically look for ‚Äúhealthy‚Äù recipes because I don‚Äôt want all of the sugar / butter / cream in my‚Ä¶ https://t.co/tEki0zBt8v,0.0772,0.067,0.933,0.0,97
397,Fox,2018-07-08 17:34:51+00:00,"Horribly jet lagged and battling anxiety, but Boston sure is pretty. ‚ù§Ô∏è https://t.co/IYfWZjvqLe",0.5499,0.346,0.334,0.32,98
398,Fox,2018-07-07 15:23:42+00:00,@jilljubs Omg me too but I‚Äôm also afraid,0.0,0.0,1.0,0.0,99
399,Fox,2018-07-06 23:22:17+00:00,"Excited to be going to @xoxo this year with @benschwarz! Portland holds a dear place in my heart. 

Can‚Äôt wait to c‚Ä¶ https://t.co/7s7h3Ti8sp",0.6476,0.209,0.791,0.0,100
400,nytimes,2018-10-06 04:17:01+00:00,Ford is in talks with Volkswagen about a broad partnership that could help turn around its ailing operations in Eur‚Ä¶ https://t.co/b03SFMpgSC,0.4019,0.124,0.876,0.0,1
401,nytimes,2018-10-06 04:08:57+00:00,"Red Sox 5, Yankees 4 | Boston leads series, 1-0: Red Sox Hang On to Beat Yankees in Game 1 https://t.co/pRLiKEgjol",0.0,0.0,1.0,0.0,2
402,nytimes,2018-10-06 04:02:08+00:00,After the Chicago police officer Jason Van Dyke was found guilty of second-degree murder in the death of Laquan McD‚Ä¶ https://t.co/vVuZgucG6K,-0.9081,0.0,0.612,0.388,3
403,nytimes,2018-10-06 03:55:05+00:00,Want to share a confidential news tip with The New York Times? Here's how you do it: https://t.co/Q6c7hrPQd7 https://t.co/eaDV29QTst,0.3612,0.179,0.821,0.0,4
404,nytimes,2018-10-06 03:47:03+00:00,"RT @ByJamesWagner: What Alex Cora means to baseball (where there are few Latino managers), Boston (a city with a complicated past &amp; many Pu‚Ä¶",0.0,0.0,1.0,0.0,5
405,nytimes,2018-10-06 03:32:03+00:00,Taking a trip down California's Highway 1 ‚Äî now reopened in its entirety https://t.co/oGDHbTFeN8,0.0,0.0,1.0,0.0,6
406,nytimes,2018-10-06 03:17:06+00:00,"RT @nytpolitics: Senator Steve Daines probably won‚Äôt be needed to confirm Judge Kavanaugh to the Supreme Court, but he‚Äôs ready to leave his‚Ä¶",0.6428,0.207,0.745,0.048,7
407,nytimes,2018-10-06 03:02:01+00:00,Our investigation revealed that Donald Trump received the equivalent today of at least $413 million from his father‚Ä¶ https://t.co/TLTNm4X7XC,0.0,0.0,1.0,0.0,8
408,nytimes,2018-10-06 02:47:01+00:00,"Global warming is bringing the planet into an era of wilder, more dangerous rains with ruinous and long-lasting con‚Ä¶ https://t.co/cTi2B2LWn6",-0.7574,0.062,0.662,0.276,9
409,nytimes,2018-10-06 02:32:02+00:00,"This simple change in the way you get out of your car can save lives ‚Äî of cyclists, drivers and passengers. Here‚Äôs‚Ä¶ https://t.co/1Xin36tgTB",0.4939,0.132,0.868,0.0,10
410,nytimes,2018-10-06 02:17:01+00:00,RT @nytopinion: Most Americans are not where this Senate majority is. They do not support President Trump. They do not approve of relentles‚Ä¶,-0.3089,0.0,0.907,0.093,11
411,nytimes,2018-10-06 02:02:01+00:00,"The man that the Danish government says swindled it out of $2 billion resides in a 10,000 square foot home in Dubai‚Ä¶ https://t.co/TjcEYEGDJg",0.0,0.0,1.0,0.0,12
412,nytimes,2018-10-06 01:45:09+00:00,Senator Susan Collins took to the Senate floor and delivered a 45-minute point-by-point defense of her support for‚Ä¶ https://t.co/FDzRLUqY25,0.4939,0.208,0.792,0.0,13
413,nytimes,2018-10-06 01:30:03+00:00,"To the right and left alike, Judge Kavanaugh‚Äôs nomination appears less like a final spasm of division ‚Äî a sobering‚Ä¶ https://t.co/jXFaMlvvFf",0.2975,0.115,0.885,0.0,14
414,nytimes,2018-10-06 01:17:05+00:00,RT @nytpolitics: Senator Susan Collins delivered a speech on the Senate floor explaining her decision to support Judge Brett Kavanaugh‚Äôs co‚Ä¶,0.4019,0.124,0.876,0.0,15
415,nytimes,2018-10-06 01:02:04+00:00,Evening Briefing: Here's what you need to know at the end of the day https://t.co/AlQnsOMTpn,0.0,0.0,1.0,0.0,16
416,nytimes,2018-10-06 00:47:02+00:00,"Citing 6 recent inmate deaths, a Cleveland judge said he would release people accused of low-level crimes on their‚Ä¶ https://t.co/DAwLd9yvf9",-0.296,0.0,0.885,0.115,17
417,nytimes,2018-10-06 00:32:06+00:00,"The FDA approved an expansion of the age range for the HPV vaccine, so it can now be used in people ages 27 through‚Ä¶ https://t.co/BLhkyefPiQ",0.4215,0.104,0.896,0.0,18
418,nytimes,2018-10-06 00:17:02+00:00,RT @marclacey: Here's how rare it is for a police officer to face prison for killing a black person: https://t.co/S6IekxiOck,-0.8271,0.0,0.675,0.325,19
419,nytimes,2018-10-06 00:02:05+00:00,"At Babe Ruth's resting place, cemetery workers find ‚öæüå≠üçïüçª and more https://t.co/DEHsWhJK7b",0.0,0.0,1.0,0.0,20
420,nytimes,2018-10-05 23:51:01+00:00,Get our On Politics newsletter delivered to your inbox. Sign up here: https://t.co/z8lYRF1UVP,0.0,0.0,1.0,0.0,21
421,nytimes,2018-10-05 23:47:01+00:00,"From our On Politics newsletter: If Senator Lisa Murkowski is unique, perhaps it‚Äôs because her home state‚Äôs politic‚Ä¶ https://t.co/RjLpBeHjyP",0.0,0.0,1.0,0.0,22
422,nytimes,2018-10-05 23:32:06+00:00,No time to wait for your phone to charge up? No problem ‚Äî these tips will get you the most battery power in the lea‚Ä¶ https://t.co/MPzov0YfKW,-0.7269,0.0,0.756,0.244,23
423,nytimes,2018-10-05 23:17:03+00:00,RT @nytvideo: ‚ÄúThe world has started listening to women.‚Äù Two activists were awarded the 2018 Nobel Peace Prize for their work to end the u‚Ä¶,0.8591,0.302,0.698,0.0,24
424,nytimes,2018-10-05 23:02:07+00:00,"In 2015, Leon Lederman, a Nobel Prize-winning physicist, had to sell his medal for $765,000 to pay medical bills https://t.co/NyHdAoLFZ4",0.4019,0.144,0.791,0.065,25
425,nytimes,2018-10-05 22:47:02+00:00,Evening Briefing: Here's what you need to know at the end of the day https://t.co/03lLEcTPTO,0.0,0.0,1.0,0.0,26
426,nytimes,2018-10-05 22:36:04+00:00,"RT @TomJolly: Here‚Äôs a look at the special section coming in the Sunday @nytimes, reprinting the two investigative stories on ‚Å¶@realDonaldT‚Ä¶",0.4019,0.124,0.876,0.0,27
427,nytimes,2018-10-05 22:32:04+00:00,Here's a list of early voting dates for the states that allow it https://t.co/SNqAUsnLNe,0.2263,0.137,0.863,0.0,28
428,nytimes,2018-10-05 22:17:02+00:00,RT @MitchKSmith: Some jurors are now talking to reporters about the verdict. It sounds like the disagreement was on whether to convict on f‚Ä¶,0.1531,0.149,0.761,0.091,29
429,nytimes,2018-10-05 22:02:05+00:00,Kerry James Marshall is exasperated by the potential sale of a public mural of his in Chicago https://t.co/vQngwgwTBs,-0.4215,0.0,0.851,0.149,30
430,nytimes,2018-10-05 21:41:03+00:00,"RT @MitchKSmith: For the first time in nearly 50 years, a Chicago police officer has been convicted of murder. Jason Van Dyke is guilty of‚Ä¶",-0.8176,0.0,0.746,0.254,31
431,nytimes,2018-10-05 21:20:04+00:00,"RT @kimseverson: Dear Twitter,                              Here are the cookbooks we like best this season.                             Lo‚Ä¶",0.8519,0.458,0.542,0.0,32
432,nytimes,2018-10-05 21:12:06+00:00,"RT @MitchKSmith: Joseph McMahon, the special prosecutor, calls it a ‚Äúgratifying verdict.‚Äù He adds: ‚ÄúBut we all know that this verdict does‚Ä¶",0.5346,0.19,0.81,0.0,33
433,nytimes,2018-10-05 21:07:59+00:00,A top Democrat promised to open an investigation into accusations against Brett Kavanaugh if the party wins control‚Ä¶ https://t.co/v8eOOGZT9d,0.8126,0.412,0.5,0.088,34
434,nytimes,2018-10-05 21:00:21+00:00,"The NYT review of ""A Star Is Born"" https://t.co/4xofqZKIud",0.0,0.0,1.0,0.0,35
435,nytimes,2018-10-05 20:45:05+00:00,"RT @dagnysalas: Everything from @nytimes in one place on Brett Kavanaugh, how the Senate is voting and more https://t.co/vSNb9b9s8C",0.0,0.0,1.0,0.0,36
436,nytimes,2018-10-05 20:35:03+00:00,"Employers added only 134,000 jobs to their payrolls last month, but the numbers are better than that single data po‚Ä¶ https://t.co/SZQTr6f3wN",0.5927,0.161,0.839,0.0,37
437,nytimes,2018-10-05 20:25:06+00:00,"RT @MitchKSmith: It is extraordinarily rare for a police officer to be convicted in an on-duty shooting. Last year, a series of closely wat‚Ä¶",0.0,0.0,1.0,0.0,38
438,nytimes,2018-10-05 20:15:04+00:00,"Denis Mukwege is a Congolese gynecological surgeon who was awarded the Nobel Peace Prize. Over time, he has become‚Ä¶ https://t.co/vrZouwyJIL",0.8591,0.373,0.627,0.0,39
439,nytimes,2018-10-05 20:08:11+00:00,"Breaking News: Senator Joe Manchin, a Democrat up for re-election, said he‚Äôd vote to confirm Brett Kavanaugh shortl‚Ä¶ https://t.co/Pbk3FCvlCq",0.0,0.0,1.0,0.0,40
440,nytimes,2018-10-05 20:00:10+00:00,Review: ‚ÄúA Crooked Somebody‚Äù doesn‚Äôt mind watching its characters squirm a little. That‚Äôs tough for them but good f‚Ä¶ https://t.co/sprCywFsRx,0.5774,0.175,0.774,0.051,41
441,nytimes,2018-10-05 19:52:45+00:00,"Breaking News: Senator Susan Collins, a Republican, said she‚Äôd vote to confirm Judge Brett Kavanaugh to the Supreme‚Ä¶ https://t.co/re7zrxaEV4",0.0,0.0,1.0,0.0,42
442,nytimes,2018-10-05 19:45:06+00:00,A sheet pan takes the concept of a one-pot meal and flips it onto a pan https://t.co/yjo0ldzyyZ https://t.co/HW77zqTVwZ,0.0,0.0,1.0,0.0,43
443,nytimes,2018-10-05 19:30:04+00:00,Her home in Vienna was confiscated by the Nazis in 1940. She later secretly moved back in and spied on the SS offic‚Ä¶ https://t.co/UIfZQ2NrxO,0.0,0.0,1.0,0.0,44
444,nytimes,2018-10-05 19:15:06+00:00,Conservatives hope to use the liberal opposition to Brett Kavanaugh‚Äôs nomination as a graphic example of the threat‚Ä¶ https://t.co/Md7ORn1VQx,0.4404,0.146,0.854,0.0,45
445,nytimes,2018-10-05 19:10:07+00:00,"RT @NYTNational: ‚ö°Ô∏è ‚ÄúChicago officer found guilty of murder in Laquan McDonald case‚Äù

https://t.co/fNL73Or7El",-0.8176,0.0,0.615,0.385,46
446,nytimes,2018-10-05 19:02:43+00:00,Breaking News: A white Chicago police officer who shot a black teenager 16 times was convicted of second-degree mur‚Ä¶ https://t.co/E11ELSygND,0.0,0.0,1.0,0.0,47
447,nytimes,2018-10-05 19:00:10+00:00,"For some, the sight of Melania Trump on a Kenyan safari wearing a white pith helmet ‚Äî a common symbol of European c‚Ä¶ https://t.co/xSkZPqb8XP",0.0,0.0,1.0,0.0,48
448,nytimes,2018-10-05 18:45:09+00:00,"5 million Americans make their own bullets and shells. They say it's a therapeutic hobby, a money-saver and a way t‚Ä¶ https://t.co/CeXrrc4GU7",0.0,0.0,1.0,0.0,49
449,nytimes,2018-10-05 18:30:04+00:00,"In Opinion

Emma Gonz√°lez writes, ""This isn‚Äôt something we are ever going to forget about. This isn‚Äôt something we‚Ä¶ https://t.co/tXBQhvJ72K",-0.2263,0.0,0.909,0.091,50
450,nytimes,2018-10-05 18:20:05+00:00,"RT @NYTNational: ‚ÄúI flail, I gasp, and I make barbaric yawps ‚Äî even though the pool I‚Äôm using is only four feet deep, even though I have a‚Ä¶",0.0,0.0,1.0,0.0,51
451,nytimes,2018-10-05 18:10:03+00:00,Here are the 4 key senators as the Senate moves toward a final vote Saturday on Judge Brett Kavanaugh https://t.co/J3v8dl9l5h,0.0,0.0,1.0,0.0,52
452,nytimes,2018-10-05 17:55:03+00:00,"By the Book: What does Tom Hanks look for in a novel? ""Authenticity. I want to see the world accurately, and histor‚Ä¶ https://t.co/eBRl9N9ntt",0.3818,0.159,0.841,0.0,53
453,nytimes,2018-10-05 17:40:08+00:00,"Exactly one year ago, reporting on Harvey Weinstein unleashed a movement. What will the next year bring? It‚Äôs hard‚Ä¶ https://t.co/IlgH7jKDzQ",0.0,0.0,1.0,0.0,54
454,nytimes,2018-10-05 17:25:07+00:00,Senator Lisa Murkowski was the only Republican to vote against moving ahead with Brett Kavanaugh‚Äôs confirmation to‚Ä¶ https://t.co/Kb2Fcwfwzo,0.0,0.0,1.0,0.0,55
455,nytimes,2018-10-05 17:10:08+00:00,"Trump claimed, without proof, that some of the women protesting the nomination of Brett Kavanaugh by confronting se‚Ä¶ https://t.co/VBy87p1J5h",-0.5267,0.0,0.794,0.206,56
456,nytimes,2018-10-05 16:55:06+00:00,There are many theories for why there are so few black kickers and punters at historically black colleges. Here are‚Ä¶ https://t.co/9OaEv8LWqS,0.0,0.0,1.0,0.0,57
457,nytimes,2018-10-05 16:48:36+00:00,"Modern Love: ""You can‚Äôt will the right man into your life simply by planning for him"" https://t.co/M8RNLZuJom [Corrects link]",0.6369,0.189,0.811,0.0,58
458,nytimes,2018-10-05 16:40:08+00:00,"Bradley Cooper was very excited to finally reveal ""A Star Is Born."" But he wasn't really excited to sit down and ex‚Ä¶ https://t.co/tUbe3uNnGm",0.6582,0.204,0.796,0.0,59
459,nytimes,2018-10-05 16:25:06+00:00,"He has raced in a panda costume, passed up corporate cash and staged a huge upset. Meet Yuki Kawauchi, the great od‚Ä¶ https://t.co/aEBdLsNZly",0.5859,0.237,0.667,0.096,60
460,nytimes,2018-10-05 16:20:10+00:00,"Modern Love: ""You can‚Äôt will the right man into your life simply by planning for him"" https://t.co/KCsNYNT0y0",0.6369,0.208,0.792,0.0,61
461,nytimes,2018-10-05 15:50:08+00:00,"For months, a reputed mobster has been pursued by someone who wanted him dead. On Thursday, outside a McDonald‚Äôs in‚Ä¶ https://t.co/YSL3JGfsez",-0.6486,0.0,0.807,0.193,62
462,nytimes,2018-10-05 15:35:04+00:00,Democrats think Jacky Rosen can win a crucial Senate seat in Nevada. But first she needs to make an impression with‚Ä¶ https://t.co/Bs0vZfS5IB,0.6908,0.231,0.769,0.0,63
463,nytimes,2018-10-05 15:20:05+00:00,"How special education is failing T.J., a friendly 12-year-old boy, and many children like him https://t.co/ixUXBFMCbr",0.6249,0.37,0.485,0.145,64
464,nytimes,2018-10-05 15:11:25+00:00,"RT @nytgraphics: Results of procedural vote to limit debate on Kavanaugh nomination and move it to a final vote.

Murkowski voted No.
Manch‚Ä¶",-0.296,0.0,0.905,0.095,65
465,nytimes,2018-10-05 15:05:05+00:00,A Frenchman who threw an ashtray and hit a young woman outside a Paris cafe after she confronted him for catcalling‚Ä¶ https://t.co/j93ymgomVF,-0.2023,0.0,0.909,0.091,66
466,nytimes,2018-10-05 14:53:43+00:00,Breaking News: Judge Brett Kavanaugh cleared a major hurdle as the Senate voted to cut off debate on his nomination‚Ä¶ https://t.co/LjpcrnD5cx,-0.1779,0.065,0.837,0.098,67
467,nytimes,2018-10-05 14:44:02+00:00,How every senator is voting on whether to advance Brett Kavanaugh's nomination to the Supreme Court https://t.co/VkRhEYzkV0,0.5574,0.184,0.816,0.0,68
468,nytimes,2018-10-05 14:35:07+00:00,A divided Senate is headed toward a critical procedural vote Friday morning on the nomination of Brett Kavanaugh https://t.co/8kNRf7KGfh,-0.3182,0.0,0.874,0.126,69
469,nytimes,2018-10-05 14:25:01+00:00,"RT @MichaelPaulson: You might know him as the creator of ‚ÄúRent.‚Äù But Jonathan Larson left behind much more music, and some of it is about t‚Ä¶",0.0,0.0,1.0,0.0,70
470,nytimes,2018-10-05 14:15:03+00:00,"""I have had people who will say no to that building because they don't want to line his pockets"" said a broker abou‚Ä¶ https://t.co/9nVUWelQG6",-0.3447,0.0,0.86,0.14,71
471,nytimes,2018-10-05 14:00:13+00:00,"""There's no fish in our 'fish,'"" said a fishmonger who opened what he says is London's first stand-alone vegan fish‚Ä¶ https://t.co/sTClYcVXUI",-0.296,0.0,0.896,0.104,72
472,nytimes,2018-10-05 13:44:01+00:00,"""The vice president attempted to shift public scrutiny from Russia to China,"" said a senior fellow at the Brookings‚Ä¶ https://t.co/p9sEpFda9H",0.0,0.0,1.0,0.0,73
473,nytimes,2018-10-05 13:31:04+00:00,"Cindy Sherman has recently taken to Instagram, where she has been producing a series of images utterly unlike anyth‚Ä¶ https://t.co/dbFF2G1Rpr",0.0,0.0,1.0,0.0,74
474,nytimes,2018-10-05 13:16:04+00:00,Our cybersecurity reporter @sheeraf explains how she safeguards her devices https://t.co/wqFo3CVKDw,0.34,0.194,0.806,0.0,75
475,nytimes,2018-10-05 13:00:09+00:00,John Paul Stevens said that Judge Brett Kavanaugh's statements at the hearings revealed prejudices that would make‚Ä¶ https://t.co/YgRuYlzrAY,-0.4215,0.0,0.859,0.141,76
476,nytimes,2018-10-05 12:45:05+00:00,"His post and movement, #squatforchange, reignited the conversation about how changing stations are more commonly fo‚Ä¶ https://t.co/6zyqvXuFQZ",0.0,0.0,1.0,0.0,77
477,nytimes,2018-10-05 12:38:07+00:00,"Breaking News: The U.S. economy added 134,000 jobs in September, extending a record run of hiring to eight full yea‚Ä¶ https://t.co/YeWJ2PTQnn",0.0,0.0,1.0,0.0,78
478,nytimes,2018-10-05 12:30:12+00:00,"Joel Kaplan, Facebook's vice president for global public policy, sat two rows behind Judge Brett Kavanaugh at his t‚Ä¶ https://t.co/amvlqylND2",0.0,0.0,1.0,0.0,79
479,nytimes,2018-10-05 12:16:02+00:00,What lawmakers from both parties had to say about the FBI report on Brett Kavanaugh https://t.co/pw5EmRWZsk,0.4019,0.153,0.847,0.0,80
480,nytimes,2018-10-05 12:00:11+00:00,"Your daily @DealBook Briefing:

‚Ä¢ A report on Chinese spy chips sparks a heated debate.¬†

‚Ä¢ Elon Musk still isn't p‚Ä¶ https://t.co/WjEsidnTzB",0.0,0.0,1.0,0.0,81
481,nytimes,2018-10-05 11:44:01+00:00,"""By recounting what happened to us, we relived our pain and risked being judged harshly by those around us,"" Nadia‚Ä¶ https://t.co/inBZZniHpL",-0.6369,0.0,0.785,0.215,82
482,nytimes,2018-10-05 11:30:12+00:00,President Trump mocked former Senator Al Franken for folding ‚Äúlike a wet rag‚Äù and quickly resigning last year in th‚Ä¶ https://t.co/M9odjDB4qV,-0.4939,0.0,0.811,0.189,83
483,nytimes,2018-10-05 11:15:04+00:00,"In Opinion

Op-Ed contributor @rgay writes: ""Despite everything we know about the prevalence of sexual assault and‚Ä¶ https://t.co/Ci4cIUT6d7",-0.5859,0.0,0.817,0.183,84
484,nytimes,2018-10-05 11:11:03+00:00,RT @katierogers: FLOTUS dances with orphans in Kenya https://t.co/IhyHfMGtOJ,0.0,0.0,1.0,0.0,85
485,nytimes,2018-10-05 11:00:07+00:00,What the FBI found out (or didn't) about Judge Brett Kavanaugh https://t.co/QNCJ7AHKZR https://t.co/NRoWkNpnLk,0.0,0.0,1.0,0.0,86
486,nytimes,2018-10-05 10:44:03+00:00,"Denis Mukwege and Nadia Murad won the Nobel Peace Prize ""for their efforts to end the use of sexual violence as a w‚Ä¶ https://t.co/VABpgfQYLK",0.7506,0.312,0.565,0.122,87
487,nytimes,2018-10-05 10:30:04+00:00,"The United States has long used its economic and financial power to pursue its foreign policy goals. But last week,‚Ä¶ https://t.co/AopS08hqbE",0.4215,0.123,0.877,0.0,88
488,nytimes,2018-10-05 10:16:03+00:00,Morning¬†Briefing: Here's what you need to know to start your day https://t.co/w7pPy7gxgD,0.0,0.0,1.0,0.0,89
489,nytimes,2018-10-05 10:00:12+00:00,"The Hong Kong government plans to force out an editor for the @FinancialTimes, a move that deepens concerns about t‚Ä¶ https://t.co/zWt8KLgsQ1",0.0,0.0,1.0,0.0,90
490,nytimes,2018-10-05 09:50:00+00:00,"Nadia Murad, who had been forced into sexual slavery by the Islamic State, embarked on a worldwide campaign that he‚Ä¶ https://t.co/k441unnp7v",-0.8316,0.0,0.698,0.302,91
491,nytimes,2018-10-05 09:40:00+00:00,"""I have seen what has been done to them. I have heard them tell me that armed attackers raped them and killed their‚Ä¶ https://t.co/9ZAalGkuAO",-0.93,0.0,0.61,0.39,92
492,nytimes,2018-10-05 09:29:05+00:00,"In Opinion

Seeing the Earth from the moon 50 years ago changed these astronauts forever. In this film, they tell t‚Ä¶ https://t.co/zIfA8ZWRbo",0.0,0.0,1.0,0.0,93
493,nytimes,2018-10-05 09:20:02+00:00,"RT @nytimesworld: Osaka, Japan, officially severed a sister-city partnership with San Francisco in protest of a ‚Äúcomfort women‚Äù monument ht‚Ä¶",-0.5423,0.0,0.78,0.22,94
494,nytimes,2018-10-05 09:10:12+00:00,Breaking News: The Nobel Peace Prize was awarded to Denis Mukwege and Nadia Murad for their work to end the use of‚Ä¶ https://t.co/yT3p9xZUlX,0.8591,0.322,0.678,0.0,95
495,nytimes,2018-10-05 09:00:18+00:00,"Unilever, the consumer products giant, has given up on plans to close its London headquarters https://t.co/FehRMzzmY3",0.0,0.0,1.0,0.0,96
496,nytimes,2018-10-05 08:45:03+00:00,"""If 'Seinfeld' was a show about nothing, 'The Good Place' is a show about everything ‚Äî including, and especially, g‚Ä¶ https://t.co/TAPMJIoS8R",-0.3412,0.0,0.876,0.124,97
497,nytimes,2018-10-05 08:30:09+00:00,"A prominent Pakistani journalist has been accused of treason, in a case the country‚Äôs press corps says is one of se‚Ä¶ https://t.co/1rCvAWorJd",-0.4215,0.094,0.697,0.209,98
498,nytimes,2018-10-05 08:15:04+00:00,"In 1980s movies, girls got drunk, spied on, stuffed in car trunks and shopping carts, and laughed at. ""In stories e‚Ä¶ https://t.co/AYlNZOALHV",0.1531,0.118,0.787,0.094,99
499,nytimes,2018-10-05 08:00:05+00:00,"It all started as a peaceful civil rights march. 50 years and 3,600 deaths later, the scars of Northern Ireland's T‚Ä¶ https://t.co/BTuv0iYTg3",0.4939,0.138,0.862,0.0,100
